name,replicate,temperature,Particle ID,Area (ABD),Aspect Ratio,Average Blue,Average Green,Average Red,Circle Fit,Circularity (Hu),Compactness,Diameter (ABD),Diameter (ESD),Elongation,Geodesic Aspect Ratio,Geodesic Length,Geodesic Thickness,Intensity,Length,Perimeter,Roughness,Sigma Intensity,Sum Intensity,Transparency,Volume (ABD),Width,datasetID
cl,10,20,1,29.96,0.93,101.14,106.2,105.61,0.92,1,1.03,6.18,6.53,1,1,6.91,6.91,105.12,6.99,27.65,1.05,29.62,20289,0.05,123.3343,6.11,cl-10-20
cl,10,20,2,29.74,0.92,102.9,107.58,105.42,0.93,1,1.04,6.15,6.47,1,1,6.91,6.91,106.06,6.97,27.65,1.06,30.94,20363,0.05,121.993,5.8,cl-10-20
cl,10,20,3,30.17,0.89,103.35,107.32,107.86,0.84,0.98,1.22,6.2,6.94,1,1,7.55,7.55,107.01,8.15,30.19,1.09,32.53,20760,0.11,124.682,5.8,cl-10-20
cl,10,20,4,29.74,0.89,102.65,106.59,108.64,0.88,0.99,1.16,6.15,6.76,1,1,7.3,7.3,106.44,7.71,29.21,1.08,32.35,20437,0.09,121.993,5.95,cl-10-20
cl,10,20,5,33.03,0.9,107.61,110.56,110.45,0.82,0.97,1.33,6.48,7.48,1.53,0.65,9.84,6.42,110.17,8.25,32.53,1.11,34.95,22805,0.13,142.7679,6.66,cl-10-20
cl,10,20,6,33.91,0.87,106.64,111.91,114.22,0.8,0.95,1.34,6.57,7.61,1.6,0.63,10.14,6.36,111.97,8.02,32.99,1.11,37.21,23625,0.14,148.5417,7.03,cl-10-20
cl,10,20,7,34.35,0.83,110,113.96,115.08,0.83,0.96,1.29,6.61,7.56,1.29,0.77,9.18,7.09,113.81,9.03,32.53,1.1,38.14,24242,0.12,151.4651,6.27,cl-10-20
cl,10,20,8,35.02,0.84,113.81,118.72,123.25,0.81,0.95,1.51,6.68,7.81,2.31,0.43,12.36,5.34,119.49,8.49,35.39,1.16,40.05,25810,0.14,155.8953,6.75,cl-10-20
cl,10,20,9,27.58,0.92,138.45,139.31,136.92,0.92,0.99,1.02,5.93,6.27,1,1,6.68,6.68,138.48,6.8,26.74,1.05,23.5,25204,0.06,108.9281,5.8,cl-10-20
cl,10,20,10,21.66,0.87,126.21,128.42,121.78,0.8,0.92,1.48,5.25,6.43,2.18,0.46,10.12,4.65,126.17,7.18,29.54,1.13,41.9,19430,0.18,75.8208,5.41,cl-10-20
cl,10,20,11,71.48,0.97,150.43,158.36,158.02,0.93,1,1.06,9.54,9.95,1,1,9.74,9.74,157.32,10.29,38.97,1.05,23.42,58523,0.04,454.5791,9.67,cl-10-20
cl,10,20,12,70.27,0.91,133.85,138.48,141.02,0.91,0.99,1.09,9.46,9.91,1,1,9.78,9.78,138.56,10.81,39.1,1.06,8.34,50850,0.05,443.0844,9.25,cl-10-20
cl,10,20,13,42,0.88,133.5,132.82,133.98,0.89,0.99,1.04,7.31,7.73,1,1,7.86,7.86,133,8.45,31.42,1.05,25.86,32850,0.05,204.7821,6.81,cl-10-20
cl,10,20,14,42.23,0.92,148.43,139.04,133.91,0.92,0.99,1.05,7.33,8.36,1,1,8.41,8.41,138.57,8.8,33.63,1.47,11.95,34365,0.12,206.4514,7.46,cl-10-20
cl,10,20,15,30.39,0.86,155.11,148.59,144.84,0.89,0.99,1.06,6.22,7.38,1,1,7.66,7.66,148.18,8.03,30.64,1.55,13.98,28895,0.16,126.0359,6.5,cl-10-20
cl,10,20,16,23.33,0.86,151.82,152.83,156.44,0.9,0.99,1.03,5.45,5.79,1,1,6.33,6.33,153.55,6.28,25.31,1.06,18.59,24875,0.06,84.74537,5.14,cl-10-20
cl,10,20,17,38.38,0.81,115.55,111.18,109.45,0.86,0.98,1.06,6.99,7.41,1,1,7.66,7.66,110.6,8.57,30.64,1.06,16.74,25548,0.06,178.8506,5.8,cl-10-20
cl,10,20,18,20.22,0.94,146.45,146.36,142.84,0.92,0.99,1.01,5.07,5.4,1,1,5.97,5.97,145.01,5.76,23.88,1.05,16.18,21316,0.06,68.37271,5.04,cl-10-20
cl,10,20,19,34.13,0.96,141.56,147.25,147.61,0.88,0.98,1.22,6.59,7.49,1,1,8.1,8.1,146.7,7.9,32.4,1.31,42.05,31101,0.12,150.0004,7.05,cl-10-20
cl,10,20,20,26.93,0.85,143.96,137.82,136.43,0.89,0.99,1.03,5.86,6.21,1,1,6.64,6.64,137.45,6.99,26.55,1.05,9.69,24603,0.06,105.1335,5.49,cl-10-20
cl,10,20,21,31.27,0.87,134.68,120.44,115.09,0.83,0.96,1.14,6.31,6.88,1,1,7.38,7.38,120.44,7.57,29.54,1.08,9.54,23968,0.08,131.5142,6.27,cl-10-20
cl,10,20,22,32.58,0.96,147.61,150.29,151.01,0.93,1,1.03,6.44,6.77,1,1,7.11,7.11,150.19,6.99,28.43,1.05,17.46,30788,0.05,139.9175,6.35,cl-10-20
cl,10,20,23,25.65,0.94,138.37,142.75,142.35,0.94,1,1,5.71,5.98,1,1,6.41,6.41,141.12,6.35,25.63,1.05,17.96,24414,0.04,97.71995,5.25,cl-10-20
cl,10,20,24,28.87,0.88,128.33,121.73,121.75,0.75,0.93,1.25,6.06,6.93,1,1,7.5,7.5,121.72,7.45,30,1.09,31.57,22884,0.12,116.6906,6.27,cl-10-20
cl,10,20,25,35.91,0.86,144.71,153.44,150.61,0.89,0.99,1.06,6.76,7.14,1,1,7.47,7.47,151.6,8.03,29.86,1.06,25.13,33351,0.05,161.8863,6.35,cl-10-20
cl,10,20,26,48.44,0.97,146.57,138.89,140.24,0.91,0.99,1.22,7.85,8.53,1,1,8.96,8.96,139.97,9.03,35.84,1.1,6.82,38493,0.08,253.6306,7.89,cl-10-20
cl,10,20,27,42.69,0.95,114.44,127.13,132.45,0.89,0.99,1.09,7.37,7.96,1,1,8.1,8.1,127.26,9.03,32.4,1.05,42.16,31815,0.07,209.807,7.28,cl-10-20
cl,10,20,28,27.15,0.86,131.35,131.03,132.46,0.9,0.99,1.02,5.88,6.22,1,1,6.64,6.64,131.11,6.97,26.55,1.05,27.77,23599,0.06,106.3919,5.25,cl-10-20
cl,10,20,29,25.22,0.92,154.33,151.9,155.22,0.9,0.99,1.1,5.67,6.11,1,1,6.72,6.72,152.87,6.64,26.87,1.08,4.44,26141,0.07,95.30118,5.49,cl-10-20
cl,10,20,30,39.28,0.91,142.57,137.39,129.65,0.92,0.99,1.03,7.07,7.75,1,1,7.86,7.86,135.4,8.39,31.42,1.28,12.61,31818,0.09,185.1951,6.91,cl-10-20
cl,10,20,31,35.91,0.81,112.22,119.55,116.96,0.79,0.95,1.36,6.76,7.72,1.65,0.61,10.54,6.38,117.91,9.18,33.82,1.12,38.11,25941,0.12,161.8863,6.4,cl-10-20
cl,10,20,32,34.35,0.79,123.33,130.98,133.96,0.83,0.96,1.11,6.61,7.19,1,1,7.55,7.55,130.07,8.03,30.19,1.06,41.22,27704,0.08,151.4651,5.8,cl-10-20
cl,10,20,33,33.91,0.8,135.43,138.09,142.74,0.81,0.95,1.39,6.57,7.43,1.8,0.56,10.77,5.99,139.17,8.03,33.5,1.15,43.27,29365,0.12,148.5417,6.66,cl-10-20
cl,10,20,34,24.8,0.92,164.75,159.27,150.96,0.91,0.99,1.07,5.62,6.56,1,1,7.04,7.04,157.37,6.99,28.16,1.51,16.08,26596,0.14,92.90882,5.8,cl-10-20
cl,10,20,35,26.29,0.89,148.23,141.67,136.93,0.9,0.99,1.04,5.79,6.95,1,1,7.22,7.22,140.99,7.61,28.89,1.43,8.4,24815,0.17,101.3974,6.27,cl-10-20
cl,10,20,36,29.09,0.94,150.09,140.72,139.59,0.94,1,1,6.09,6.93,1,1,7.07,7.07,141.42,7.57,28.3,1.35,8.32,26728,0.12,118.0067,6.27,cl-10-20
cl,10,20,37,34.8,0.9,145.7,136.9,133.82,0.92,0.99,1.07,6.66,7.75,1,1,8.02,8.02,136.69,8.34,32.07,1.42,9.47,29389,0.14,154.4126,6.98,cl-10-20
cl,10,20,38,28.22,0.76,126.18,125.97,127.06,0.85,0.96,1.02,5.99,6.35,1,1,6.72,6.72,124.82,7.51,26.87,1.05,25.91,23092,0.06,112.7805,5.04,cl-10-20
cl,10,20,39,30.83,0.89,143.4,138.49,139.64,0.89,0.98,1.07,6.27,6.7,1,1,7.11,7.11,138.77,7.45,28.43,1.06,10.27,27337,0.07,128.7626,6.21,cl-10-20
cl,10,20,40,24.38,0.83,138.73,137.12,132.45,0.81,0.95,1.15,5.57,6.21,1,1,6.8,6.8,135.61,7.06,27.19,1.08,34.39,22647,0.1,90.543,5.25,cl-10-20
cl,10,20,41,23.54,0.96,139.85,140.35,130.63,0.84,0.97,1.32,5.47,6.34,1.48,0.68,8.57,5.81,137.37,7.32,28.76,1.12,35.98,22391,0.14,85.89147,5.8,cl-10-20
cl,10,20,42,26.72,0.88,123.07,130.09,130.78,0.71,0.93,1.77,5.83,7.16,3.24,0.31,13.28,4.09,129.46,8.22,34.74,1.22,38.7,23043,0.18,103.8816,5.86,cl-10-20
cl,10,20,43,38.6,0.97,121.98,128.08,124.94,0.87,0.99,1.2,7.01,7.72,1,1,8.17,8.17,126.44,8.62,32.66,1.09,37.86,29333,0.09,180.428,7.05,cl-10-20
cl,10,20,44,23.12,0.93,139.89,130.47,122.94,0.93,1,1,5.43,6.29,1,1,6.6,6.6,129.29,6.8,26.41,1.38,7.69,20815,0.14,83.60601,5.8,cl-10-20
cl,10,20,45,36.36,0.98,131.02,135.56,128.31,0.95,1,1.02,6.8,7.1,1,1,7.38,7.38,132.86,7.26,29.54,1.05,35.47,29496,0.04,164.9176,6.91,cl-10-20
cl,10,20,46,54.05,0.89,119.64,131.52,135.38,0.73,0.97,1.38,8.3,9.68,1.76,0.57,12.67,7.21,131.09,11.87,39.75,1.1,38.37,39195,0.14,298.8846,7.83,cl-10-20
cl,10,20,47,28.01,0.95,140.31,144.29,144.52,0.86,0.97,1.11,5.97,6.54,1,1,6.99,6.99,143.91,6.8,27.97,1.06,40.92,26480,0.09,111.49,6.07,cl-10-20
cl,10,20,48,55.69,0.95,127.13,132.66,133.46,0.95,1,1.02,8.42,8.71,1,1,8.64,8.64,132.25,8.96,34.55,1.04,25.74,40469,0.03,312.6542,8.23,cl-10-20
cl,10,20,49,42.69,0.96,123.94,125.75,125.53,0.93,1,1.04,7.37,7.7,1,1,7.89,7.89,125.49,8.07,31.56,1.05,24.27,31373,0.04,209.807,7.44,cl-10-20
cl,10,20,50,46.13,0.97,136.57,139.08,135.38,0.79,0.96,1.58,7.66,8.73,2.59,0.39,14.48,5.59,137.68,9.45,40.13,1.2,45.35,36486,0.12,235.6877,7.46,cl-10-20
cl,10,20,51,22.91,0.83,146.63,138.86,137.91,0.78,0.92,1.61,5.4,6.62,2.68,0.37,11.44,4.27,137.95,7.57,31.42,1.18,34.55,22072,0.18,82.47342,5.24,cl-10-20
cl,10,20,52,34.8,0.93,135.4,134.89,137.91,0.93,1,1,6.66,7,1,1,7.19,7.19,135.86,7.45,28.76,1.04,18.29,29209,0.05,154.4126,6.35,cl-10-20
cl,10,20,53,24.17,0.86,158.39,154.39,150.64,0.89,0.98,1.1,5.55,5.99,1,1,6.6,6.6,153.69,6.5,26.41,1.07,17.46,25513,0.07,89.37008,5.22,cl-10-20
cl,10,20,54,34.35,0.94,146.92,144.71,139.43,0.93,1,1.05,6.61,7.64,1,1,7.86,7.86,143.13,8.07,31.42,1.39,9.06,30487,0.13,151.4651,6.91,cl-10-20
cl,10,20,55,41.09,0.94,110.56,126.82,128.89,0.85,0.98,1.33,7.23,8.21,1.51,0.66,10.59,7,125.33,9.33,35.2,1.11,42.95,30454,0.12,198.1615,7.44,cl-10-20
cl,10,20,56,47.28,0.97,118.62,122.18,121.57,0.95,1,1,7.76,8.03,1,1,8.05,8.05,121.36,8.25,32.21,1.04,25.29,32766,0.03,244.591,7.46,cl-10-20
cl,10,20,57,33.47,0.97,111.04,119.35,118.89,0.95,1,1.01,6.53,7.05,1,1,7.3,7.3,118.25,7.26,29.21,1.26,37.02,24714,0.07,145.6426,6.66,cl-10-20
cl,10,20,58,25.86,0.87,163.17,163.68,157.27,0.89,0.99,1.05,5.74,6.8,1,1,7.16,7.16,161.74,7.26,28.62,1.52,16.5,28142,0.16,98.9392,5.8,cl-10-20
cl,10,20,59,24.59,0.96,150.71,151.08,144.14,0.94,1,1,5.6,5.89,1,1,6.36,6.36,148.92,6.11,25.44,1.05,27.74,25019,0.05,91.72258,5.49,cl-10-20
cl,10,20,60,33.91,0.9,148.11,151.25,150.48,0.92,0.99,1.02,6.57,6.87,1,1,7.19,7.19,150.44,7.32,28.76,1.05,25.32,31742,0.04,148.5417,6.35,cl-10-20
cl,2,20,1,35.91,0.95,131.2,138.27,140.33,0.93,1,1,6.76,7.05,1,1,7.27,7.27,138.08,7.45,29.08,1.04,21.65,30377,0.04,161.8863,6.35,cl-2-20
cl,2,20,2,48.91,0.93,142.62,151.97,146.71,0.86,0.98,1.28,7.89,8.68,1.08,0.92,9.56,8.84,149.33,9.03,36.82,1.11,45.23,41364,0.09,257.2843,8.01,cl-2-20
cl,2,20,3,37.48,0.87,153.38,147.47,135.87,0.89,0.99,1.07,6.91,8.23,1,1,8.33,8.33,144.66,9.18,33.31,1.43,8.37,32838,0.16,172.5993,7.3,cl-2-20
cl,2,20,4,64.01,0.87,139.96,148.11,139.06,0.88,0.98,1.15,9.03,9.69,1,1,9.7,9.7,144.45,10.42,38.78,1.07,43.67,49257,0.07,385.2449,8.62,cl-2-20
cl,2,20,5,32.58,0.87,144.09,146.98,146.27,0.86,0.98,1.26,6.44,7.23,1,1,7.86,7.86,146.45,7.61,31.42,1.1,27.53,30023,0.11,139.9175,6.66,cl-2-20
cl,2,20,6,25.01,0.86,124.78,127.51,122.82,0.8,0.95,1.61,5.64,6.58,2.68,0.37,11.8,4.4,125.79,7.44,32.4,1.21,39.92,21384,0.14,94.10169,5.8,cl-2-20
cl,2,20,7,21.04,0.96,153.86,146.2,145.14,0.92,1,1.08,5.18,5.57,1,1,6.25,6.25,146.07,5.82,24.98,1.07,6.68,22056,0.07,72.58714,5.25,cl-2-20
cl,2,20,8,28.01,0.95,149.31,148,141.18,0.94,1,1,5.97,6.23,1,1,6.52,6.52,145.58,6.5,26.09,1.03,35.34,26786,0.04,111.49,5.8,cl-2-20
cl,2,20,9,35.02,0.9,103.83,115.92,117.97,0.79,0.97,1.49,6.68,7.56,2.25,0.44,12.19,5.41,114.84,8.15,35.2,1.18,40.62,24806,0.12,155.8953,6.47,cl-2-20
cl,2,20,10,37.93,0.81,135.75,137.63,138.37,0.87,0.98,1.05,6.95,7.37,1,1,7.58,7.58,137.37,8.39,30.32,1.05,27.59,31457,0.06,175.7132,6.25,cl-2-20
cl,2,20,11,35.69,0.95,141.39,129.35,120.32,0.92,1,1.04,6.74,7.74,1,1,7.94,7.94,127.76,8.03,31.75,1.41,8.3,27979,0.13,160.3796,7.44,cl-2-20
cl,2,20,12,24.59,0.93,154.77,149.57,153.72,0.91,0.99,1.07,5.6,6,1,1,6.56,6.56,151.38,6.42,26.22,1.07,5.02,25431,0.07,91.72258,5.49,cl-2-20
cl,2,20,13,33.47,0.98,117.23,128.28,129.76,0.94,1,1.03,6.53,6.82,1,1,7.19,7.19,127.12,7.06,28.76,1.06,37.96,26568,0.04,145.6426,6.35,cl-2-20
cl,2,20,14,31.92,0.93,125,124.37,125.84,0.93,1,1.01,6.38,6.67,1,1,6.99,6.99,124.19,7.12,27.97,1.05,22.57,25087,0.04,135.6881,6.21,cl-2-20
cl,2,20,15,19.6,0.75,136.85,141.99,142.9,0.71,0.89,1.85,5,6.36,3.51,0.28,12.43,3.54,141.68,8.03,31.94,1.23,45.58,20402,0.21,65.28536,5.1,cl-2-20
cl,2,20,16,20.63,0.76,147.33,138.04,128.93,0.83,0.96,1.15,5.12,6.49,1,1,7.11,7.11,134.3,7.71,28.43,1.58,8.97,20011,0.21,70.46599,5.04,cl-2-20
cl,2,20,17,41.78,0.8,136.41,141.35,137,0.87,0.97,1.05,7.29,7.72,1,1,7.89,7.89,139.27,8.68,31.56,1.05,28.39,34260,0.06,203.1184,6.27,cl-2-20
cl,2,20,18,24.17,0.8,148.79,143.05,149.28,0.82,0.96,1.23,5.55,6.21,1,1,6.99,6.99,145.54,6.8,27.97,1.1,3.47,24159,0.11,89.37008,5.52,cl-2-20
cl,2,20,19,43.14,0.93,103.36,114.26,114.47,0.93,1,1.02,7.41,7.73,1,1,7.86,7.86,112.84,8.25,31.42,1.05,34.33,28435,0.04,213.1852,6.91,cl-2-20
cl,2,20,20,64.73,0.9,111.28,123.25,123.38,0.86,0.99,1.14,9.08,9.76,1,1,9.71,9.71,121.73,11.2,38.84,1.07,36.91,41875,0.07,391.7513,8.01,cl-2-20
cl,2,20,21,84.43,0.42,155.85,146.22,145.16,0.44,0.69,1.69,10.37,13.08,2.96,0.34,19.6,6.62,146.99,17.36,52.44,1.12,34.89,62471,0.21,583.5497,6.51,cl-2-20
cl,2,20,22,35.91,0.94,138.37,141.56,137.77,0.93,1,1.03,6.76,7.07,1,1,7.38,7.38,140.08,7.32,29.54,1.06,23.73,30817,0.04,161.8863,6.75,cl-2-20
cl,2,20,23,29.96,0.93,110.16,111.16,117.29,0.89,0.98,1.18,6.18,7.03,1,1,7.55,7.55,112.85,7.51,30.19,1.26,40.89,21781,0.12,123.3343,6.52,cl-2-20
cl,2,20,24,37.25,0.96,123.61,137.46,139.72,0.94,1,1,6.89,7.18,1,1,7.3,7.3,136.04,7.51,29.21,1.03,33.66,30744,0.04,171.0512,6.66,cl-2-20
cl,2,20,25,23.54,0.94,131.5,136.93,138.15,0.84,0.97,1.29,5.47,6.34,1.28,0.78,7.97,6.24,136.29,7.18,28.43,1.1,45.33,22216,0.14,85.89147,5.54,cl-2-20
cl,2,20,26,33.25,0.59,172.9,157.76,154.63,0.56,0.77,2.32,6.51,8.54,5.1,0.2,18.01,3.53,158.36,12.04,43.07,1.31,28.57,32939,0.24,144.2022,4.87,cl-2-20
cl,2,20,27,25.65,0.86,152.49,140.73,143.64,0.87,0.98,1.17,5.71,6.21,1,1,6.96,6.96,142.92,6.64,27.84,1.1,3.9,24726,0.08,97.71995,5.74,cl-2-20
cl,2,20,28,31.27,0.89,144.74,146.22,149.11,0.91,0.99,1.06,6.31,6.68,1,1,7.11,7.11,145.8,7.18,28.43,1.06,17.1,29015,0.06,131.5142,6.08,cl-2-20
cl,2,20,29,31.27,0.91,102.67,111.88,115.37,0.81,0.95,1.41,6.31,7.27,1.92,0.52,10.8,5.63,111.85,7.61,32.85,1.14,41.26,22259,0.13,131.5142,6.85,cl-2-20
cl,2,20,30,31.7,0.8,128.62,133.41,129.99,0.83,0.96,1.33,6.35,7.22,1.54,0.65,9.72,6.31,131.85,8.68,32.07,1.12,40.73,26501,0.12,134.2906,5.88,cl-2-20
cl,2,20,31,33.69,0.87,127.46,135.4,141.01,0.81,0.97,1.44,6.55,8.24,2.03,0.49,12.38,6.09,136.2,8.69,36.95,1.54,32.01,28602,0.2,147.0892,7.46,cl-2-20
cl,2,20,32,46.13,0.95,128.78,132.32,128.23,0.94,1,1.02,7.66,7.97,1,1,8.05,8.05,130.68,8.34,32.21,1.05,31.84,34630,0.04,235.6877,7.44,cl-2-20
cl,2,20,33,22.49,0.94,157.71,145.01,139.9,0.94,1,1.02,5.35,5.94,1,1,6.44,6.44,142.29,6.28,25.76,1.3,9.16,22482,0.1,80.22859,5.49,cl-2-20
cl,2,20,34,57.35,0.8,143.23,137.79,134.96,0.85,0.97,1.08,8.54,9,1,1,8.99,8.99,135.58,9.99,35.98,1.06,9.78,42435,0.05,326.6766,7.51,cl-2-20
cl,2,20,35,22.07,0.94,132.06,138.01,135.08,0.93,1,1.02,5.3,5.61,1,1,6.16,6.16,135.7,5.92,24.66,1.06,31.2,21169,0.06,78.01101,5.1,cl-2-20
cl,2,20,36,25.01,0.89,115.72,121.69,122.85,0.78,0.96,1.4,5.64,6.45,1.85,0.54,9.79,5.3,121.32,7.26,30.19,1.15,41.08,20624,0.13,94.10169,5.49,cl-2-20
cl,3,20,1,21.66,0.87,164.44,147.58,144.85,0.82,0.96,1.21,5.25,5.83,1,1,6.68,6.68,148.68,6.27,26.74,1.11,28.51,22897,0.1,75.8208,4.98,cl-3-20
cl,3,20,2,38.6,0.76,151.66,148.31,144.23,0.83,0.96,1.09,7.01,7.51,1,1,7.79,7.79,147.49,8.45,31.16,1.06,21.61,34218,0.07,180.428,5.8,cl-3-20
cl,3,20,3,25.86,0.89,127.68,140.52,142.43,0.82,0.96,1.44,5.74,6.73,2.02,0.5,10.35,5.13,139.57,7.86,30.97,1.15,33.67,24286,0.15,98.9392,5.74,cl-3-20
cl,3,20,4,29.3,0.63,157.64,142.81,136.94,0.67,0.85,1.85,6.11,8.06,3.51,0.28,14.28,4.06,142.72,10.22,36.68,1.17,23.96,27117,0.24,119.3291,4.6,cl-3-20
cl,3,20,5,33.03,0.98,139.19,145.28,143.28,0.94,1,1.02,6.48,6.79,1,1,7.11,7.11,143.69,6.99,28.43,1.05,29.48,29744,0.05,142.7679,6.35,cl-3-20
cl,3,20,6,25.86,0.83,125.66,122.72,119.55,0.8,0.96,1.36,5.74,6.54,1.7,0.59,9.5,5.59,122.09,6.99,30.19,1.14,35.91,21243,0.12,98.9392,5.15,cl-3-20
cl,3,20,7,45.44,0.91,150,155.02,147.02,0.9,0.99,1.11,7.61,8.36,1,1,8.57,8.57,152.01,8.74,34.28,1.29,29.05,39827,0.09,230.4116,7.5,cl-3-20
cl,3,20,8,35.91,0.88,133.26,132.58,132.5,0.91,0.99,1.01,6.76,7.1,1,1,7.3,7.3,132.61,7.71,29.21,1.04,19.45,29174,0.05,161.8863,6.27,cl-3-20
cl,3,20,9,23.96,0.97,124.79,134.01,128.08,0.83,0.97,1.38,5.52,6.57,1.76,0.57,9.42,5.35,131.17,7.18,29.54,1.11,37.84,21643,0.16,88.20384,5.65,cl-3-20
cl,3,20,10,27.58,0.93,152.18,145.18,144.89,0.9,0.99,1.24,5.93,7.52,1,1,8.21,8.21,145.88,8.22,32.85,1.52,4.91,26550,0.21,108.9281,6.66,cl-3-20
cl,3,20,11,20.01,0.4,172.35,158.95,160.58,0.36,0.38,4.73,5.05,9.18,12.77,0.08,23.86,1.87,160.41,12.19,51.45,1.46,28.32,23420,0.45,67.33657,5.33,cl-3-20
cl,3,20,12,31.05,0.73,155.51,155.33,150.38,0.6,0.61,3.18,6.29,8.2,7.88,0.13,21.82,2.77,152.67,9.25,49.18,1.53,4.87,30229,0.23,130.1353,6.92,cl-3-20
cl,3,20,13,24.17,0.83,136.48,138.76,132.25,0.89,0.98,1.04,5.55,5.92,1,1,6.44,6.44,136.55,6.5,25.76,1.06,32.92,22667,0.06,89.37008,5.01,cl-3-20
cl,3,20,14,28.22,0.94,128.29,128.44,129.42,0.93,1,1.02,5.99,6.28,1,1,6.72,6.72,128.46,6.7,26.87,1.05,22.63,23765,0.05,112.7805,5.8,cl-3-20
cl,3,20,15,66.41,0.95,103.88,109.74,109.25,0.83,0.97,1.1,9.2,9.87,1,1,9.63,9.63,108.49,10.33,38.51,1.05,28.12,38080,0.07,407.1037,9.12,cl-3-20
cl,3,20,16,31.49,0.79,128.49,127.57,129.01,0.86,0.97,1.05,6.33,6.96,1,1,7.27,7.27,128.07,8.03,29.08,1.23,17.84,25614,0.09,132.8993,5.8,cl-3-20
cl,3,20,17,22.49,0.91,138.84,131.16,131.96,0.92,0.99,1.03,5.35,5.69,1,1,6.25,6.25,131.91,5.98,24.98,1.06,19.99,20842,0.06,80.22859,5.25,cl-3-20
cl,3,20,18,22.91,0.91,133.36,131.7,132.57,0.92,0.99,1,5.4,5.69,1,1,6.16,6.16,132.13,5.98,24.66,1.05,26.74,21140,0.05,82.47342,5.08,cl-3-20
cl,3,20,19,27.36,0.84,149.82,140.36,135.78,0.87,0.98,1.07,5.9,7.01,1,1,7.3,7.3,140.07,8.15,29.21,1.38,7.33,25352,0.16,107.6568,5.8,cl-3-20
cl,3,20,20,25.22,0.91,148.24,137.81,133.27,0.91,0.99,1.05,5.67,6.57,1,1,6.99,6.99,137.63,7.18,27.97,1.39,5.97,23534,0.14,95.30118,5.8,cl-3-20
cl,3,20,21,22.07,0.94,150.16,146.96,140.3,0.88,0.99,1.03,5.3,5.8,1,1,6.21,6.21,144.71,6.5,24.85,1.04,31.24,22575,0.09,78.01101,5.08,cl-3-20
cl,3,20,22,25.65,0.88,150.7,148.31,145.37,0.91,0.99,1.03,5.71,6.57,1,1,6.91,6.91,147.14,7.06,27.65,1.37,4.29,25456,0.13,97.71995,5.8,cl-3-20
cl,4,20,1,46.82,0.97,149.32,138.84,134.83,0.92,1,1.09,7.72,8.47,1,1,8.64,8.64,138.63,8.79,34.55,1.31,7.36,37152,0.09,241.0132,8.23,cl-4-20
cl,4,20,2,40.87,1,145.17,133.69,125.89,0.94,1,1.11,7.21,8.25,1,1,8.52,8.52,132.42,8.57,34.09,1.41,10.04,32045,0.13,196.5207,8.01,cl-4-20
cl,4,20,3,38.38,0.97,143.34,132.99,125.63,0.94,1,1.03,6.99,7.98,1,1,8.1,8.1,131.96,8.45,32.4,1.39,10.47,30483,0.12,178.8506,7.46,cl-4-20
cl,4,20,4,43.6,0.97,139.22,134.92,133.97,0.94,1,1.06,7.45,7.99,1,1,8.17,8.17,134.22,8.25,32.66,1.22,20.24,34092,0.07,216.5858,7.7,cl-4-20
cl,4,20,5,42.46,0.99,130.01,133.82,131.74,0.94,1,1.01,7.35,7.65,1,1,7.78,7.78,132.24,7.86,31.1,1.05,27.66,32929,0.04,208.1264,7.44,cl-4-20
cl,4,20,6,39.96,0.96,123.02,133.21,130.16,0.94,1,1.01,7.13,7.42,1,1,7.58,7.58,130.1,7.71,30.32,1.04,33.83,30964,0.04,190.0144,6.91,cl-4-20
cl,4,20,7,36.58,0.98,118.21,128.91,124.72,0.94,1,1.04,6.82,7.15,1,1,7.47,7.47,125.84,7.48,29.86,1.06,37.54,28062,0.05,166.4421,6.91,cl-4-20
cl,4,20,8,35.02,0.98,112.4,125.52,122.63,0.94,1,1.01,6.68,6.96,1,1,7.22,7.22,123.15,7.21,28.89,1.05,40.15,26601,0.04,155.8953,6.66,cl-4-20
cl,4,20,9,32.8,0.99,106.02,122.77,119.55,0.95,1,1,6.46,6.72,1,1,6.99,6.99,119.87,6.98,27.97,1.04,42.26,24694,0.04,141.3396,6.35,cl-4-20
cl,4,20,10,41.09,0.94,124.75,131.31,131.77,0.8,0.95,1.87,7.23,9.3,3.6,0.28,17.11,4.75,130.45,10.42,43.72,1.49,43.84,31700,0.22,198.1615,8.03,cl-4-20
cl,4,20,11,56.64,0.95,135.01,143.32,138,0.84,0.97,1.28,8.49,9.39,1.11,0.9,10.25,9.24,140.78,9.78,38.97,1.1,43.57,43642,0.1,320.6362,8.62,cl-4-20
cl,4,20,12,21.45,0.41,172.85,160.18,161.7,0.35,0.4,5.01,5.23,8.93,13.68,0.07,25.28,1.85,161.78,11.43,54.25,1.57,27.78,24753,0.41,74.73601,5.24,cl-4-20
cl,4,20,13,53.58,0.98,133.51,141.46,136.19,0.81,0.97,1.4,8.26,9.21,1.86,0.54,12.99,6.98,138.99,9.96,39.94,1.15,44.07,41281,0.1,294.9972,8.57,cl-4-20
cl,4,20,14,53.58,0.88,131.37,140.9,134.85,0.81,0.97,1.48,8.26,9.1,2.19,0.46,14.08,6.44,137.81,9.46,41.05,1.19,44.19,40930,0.09,294.9972,8.43,cl-4-20
cl,4,20,15,50.77,0.96,126.91,135.36,130.77,0.83,0.98,1.33,8.04,8.83,1.54,0.65,11.58,7.52,133.01,9.26,38.19,1.14,44.56,37907,0.09,272.1144,8.28,cl-4-20
cl,4,20,16,44.98,0.88,124.39,128.86,129.18,0.87,0.98,1.43,7.57,8.83,1.99,0.5,12.87,6.45,128.46,9.81,38.65,1.33,45.32,33399,0.14,226.9218,7.44,cl-4-20
cl,4,20,17,45.9,0.96,125.33,127.47,128.6,0.87,0.98,1.46,7.64,8.87,2.1,0.48,13.32,6.33,127.59,9.78,39.29,1.34,43.96,33683,0.14,233.9235,8.03,cl-4-20
cl,4,20,18,41.09,0.9,116.27,119.81,121.8,0.79,0.95,1.66,7.23,8.74,2.86,0.35,14.91,5.22,120,9.33,40.27,1.39,41.83,29160,0.17,198.1615,7.46,cl-4-20
cl,4,20,19,37.93,0.84,107.45,116.15,116.37,0.8,0.97,1.31,6.95,7.82,1.42,0.71,9.95,7.03,114.88,8.8,33.96,1.12,40.16,26307,0.11,175.7132,6.66,cl-4-20
cl,4,20,20,35.02,0.96,101.14,113.58,113.66,0.95,1,1,6.68,6.95,1,1,7.19,7.19,111.82,7.18,28.76,1.04,39.75,24153,0.04,155.8953,6.35,cl-4-20
cl,4,20,21,27.58,0.94,135.08,135.72,137.3,0.94,1,1.01,5.93,6.22,1,1,6.64,6.64,134.35,6.64,26.55,1.05,25.99,24451,0.05,108.9281,5.8,cl-4-20
cl,4,20,22,26.29,0.83,143.42,145.44,143.06,0.88,0.98,1.07,5.79,6.24,1,1,6.72,6.72,144.24,6.98,26.87,1.06,32.06,25386,0.07,101.3974,5.24,cl-4-20
cl,4,20,23,25.01,0.94,148.09,135.04,125.99,0.92,1,1.02,5.64,6.89,1,1,7.19,7.19,133.75,7.21,28.76,1.48,5.29,22738,0.18,94.10169,6.35,cl-4-20
cl,4,20,24,45.21,0.94,120.61,125.06,125.56,0.92,1,1.06,7.59,7.93,1,1,8.13,8.13,124.54,8.34,32.53,1.06,25.3,32505,0.04,228.6639,7.44,cl-4-20
cl,4,20,25,48.91,0.81,132.12,134.28,133.12,0.75,0.92,1.56,7.89,9.89,2.5,0.4,15.27,6.1,132.96,11.1,42.74,1.43,26.27,36830,0.2,257.2843,8.32,cl-4-20
cl,4,20,26,32.58,0.94,111.34,124.14,124.28,0.81,0.95,1.55,6.44,7.56,2.47,0.41,12.43,5.04,122.72,8.39,34.93,1.18,40.01,25158,0.15,139.9175,6.91,cl-4-20
cl,4,20,27,32.58,0.89,122.84,128.44,133.77,0.8,0.97,1.37,6.44,7.3,1.73,0.58,10.42,6.01,129.35,8.25,32.85,1.14,36.73,26517,0.12,139.9175,6.28,cl-4-20
cl,4,20,28,29.96,0.65,136.88,125.28,118.19,0.77,0.91,1.08,6.18,6.78,1,1,7.06,7.06,116.2,8.21,28.24,1.05,21.5,22427,0.09,123.3343,4.58,cl-4-20
cl,4,20,29,44.98,0.91,148.74,155.04,147.32,0.92,0.99,1.09,7.57,8,1,1,8.25,8.25,151.72,8.45,32.99,1.07,30.85,39447,0.05,226.9218,7.44,cl-4-20
cl,4,20,30,45.21,0.86,147.29,146.42,139.15,0.9,0.99,1.02,7.59,8.08,1,1,8.13,8.13,144.3,8.79,32.53,1.21,19.32,37662,0.06,228.6639,6.91,cl-4-20
cl,4,20,31,29.96,0.94,121.22,131.7,128.81,0.82,0.97,1.4,6.18,7.15,1.86,0.54,10.48,5.62,129.6,8.22,32.21,1.14,40.71,25013,0.14,123.3343,6.27,cl-4-20
cl,4,20,32,29.96,0.85,118.27,132.12,138.54,0.83,0.96,1.29,6.18,7.19,1.3,0.77,8.74,6.74,132.44,9.03,30.97,1.09,36.91,25560,0.14,123.3343,5.88,cl-4-20
cl,4,20,33,23.75,0.83,139.56,132.44,134.2,0.77,0.93,1.34,5.5,6.53,1.59,0.63,8.94,5.6,132.66,6.8,29.08,1.1,17.33,21757,0.16,87.04429,5.81,cl-4-20
cl,4,20,34,27.15,0.9,166.72,166.09,157.88,0.87,0.98,1.23,5.88,8.43,1,1,8.96,8.96,163.66,9.11,35.84,2.18,19.53,29459,0.3,106.3919,7.73,cl-4-20
cl,4,20,35,40.19,0.93,140.88,147.5,143.41,0.92,0.99,1.07,7.15,7.52,1,1,7.82,7.82,145.51,7.9,31.29,1.07,26.02,34778,0.05,191.6324,6.91,cl-4-20
cl,4,20,36,43.37,0.94,126.67,130.99,127.01,0.94,1,1.03,7.43,7.73,1,1,7.9,7.9,129.27,8.03,31.61,1.05,26.75,32705,0.04,214.8827,6.91,cl-4-20
cl,4,20,37,29.09,0.9,116.39,117.76,121.68,0.88,0.98,1.15,6.09,6.88,1,1,7.38,7.38,118.77,7.73,29.54,1.26,39.89,22447,0.12,118.0067,6.27,cl-4-20
cl,4,20,38,33.91,0.88,156.69,132.99,118.1,0.9,0.99,1.08,6.57,7,1,1,7.38,7.38,131.25,7.51,29.54,1.06,17.53,27693,0.06,148.5417,6.47,cl-4-20
cl,4,20,39,45.21,0.93,149.75,150.2,148.81,0.93,1,1.04,7.59,7.95,1,1,8.05,8.05,149.71,8.49,32.21,1.05,22.39,39075,0.05,228.6639,7.44,cl-4-20
cl,4,20,40,26.72,0.95,152.55,142.9,138.37,0.93,1,1.06,5.83,7.13,1,1,7.47,7.47,141.48,7.48,29.86,1.49,7.6,25183,0.18,103.8816,6.85,cl-4-20
cl,4,20,41,20.22,0.84,133.19,136,128.1,0.82,0.97,1.27,5.07,5.84,1,1,6.68,6.68,133.29,7.32,26.74,1.11,36.88,19594,0.13,68.37271,4.7,cl-4-20
cl,4,20,42,69.3,0.51,128.62,133.83,135.24,0.55,0.78,1.3,9.39,11.26,1.34,0.75,12.38,9.25,133.14,14.42,43.26,1.2,29.75,48329,0.17,433.9742,6.35,cl-4-20
cl,4,20,43,27.36,0.71,143.12,135.81,139,0.8,0.94,1.1,5.9,6.44,1,1,6.91,6.91,136.39,7.71,27.65,1.06,8.89,24687,0.08,107.6568,4.91,cl-4-20
cl,4,20,44,24.8,0.97,125.65,126.46,122.73,0.93,1,1,5.62,5.96,1,1,6.36,6.36,125.2,6.28,25.44,1.04,31.23,21159,0.06,92.90882,5.49,cl-4-20
cl,4,20,45,28.65,0.81,140.85,132.79,122.17,0.87,0.98,1.08,6.04,7.28,1,1,7.63,7.63,129.1,8.45,30.51,1.53,4.77,24142,0.17,115.3809,6.25,cl-4-20
cl,4,20,46,44.06,0.89,123.47,141.7,146.44,0.92,0.99,1.03,7.49,7.82,1,1,7.97,7.97,140.78,8.49,31.88,1.05,43.8,36039,0.04,220.0088,7.05,cl-4-20
cl,4,20,47,32.8,0.83,122.67,129.57,123.28,0.89,0.98,1.05,6.46,6.85,1,1,7.19,7.19,126.9,7.57,28.76,1.06,34.64,26142,0.06,141.3396,5.9,cl-4-20
cl,4,20,48,31.7,0.7,135.26,143.33,139.56,0.77,0.92,1.25,6.35,7.33,1,1,7.76,7.76,141.23,8.55,31.02,1.08,43.16,28387,0.13,134.2906,5.17,cl-4-20
cl,4,20,49,39.51,0.96,148.16,147.74,146.87,0.8,0.97,1.39,7.09,7.98,1.83,0.55,11.49,6.27,147.34,8.57,35.52,1.15,43.68,34773,0.11,186.7958,7.28,cl-4-20
cl,4,20,50,19.81,1,146.35,152.86,152.61,0.93,1,1,5.02,5.33,1,1,5.9,5.9,151.35,5.88,23.61,1.05,23.96,21946,0.06,66.30745,4.7,cl-4-20
cl,4,20,51,25.65,0.91,145.32,142.64,137.71,0.91,0.99,1.06,5.71,6.45,1,1,6.91,6.91,141.45,6.99,27.65,1.33,13.84,24471,0.11,97.71995,5.95,cl-4-20
cl,4,20,52,53.11,0.68,120.63,139.98,145.94,0.7,0.89,1.66,8.22,9.77,2.88,0.35,16.1,5.6,138.96,11.51,43.39,1.18,40.95,40994,0.16,291.1308,6.85,cl-4-20
cl,4,20,53,53.58,0.9,132.37,136.5,133.49,0.91,0.99,1.07,8.26,8.67,1,1,8.72,8.72,134.95,9.46,34.87,1.06,20.2,40081,0.05,294.9972,8.01,cl-4-20
cl,4,20,54,20.22,0.68,153.38,142.86,144.89,0.76,0.91,1.15,5.07,5.8,1,1,6.36,6.36,142.8,7.06,25.44,1.06,8.94,20991,0.12,68.37271,4.32,cl-4-20
cl,4,20,55,25.86,0.96,145.54,146.86,147.51,0.87,0.98,1.17,5.74,6.48,1,1,6.99,6.99,146.58,7.18,27.97,1.07,19.37,25505,0.11,98.9392,5.8,cl-4-20
cl,4,20,56,21.87,0.74,139.53,136.71,134.97,0.76,0.91,1.27,5.28,6.21,1,1,6.88,6.88,136.14,7.95,27.52,1.09,35.15,21101,0.15,76.91247,4.7,cl-4-20
cl,5,20,1,33.47,0.97,109.02,116.86,117.78,0.94,1,1,6.53,6.81,1,1,7.07,7.07,116.24,7.26,28.3,1.04,43.31,24295,0.04,145.6426,6.35,cl-5-20
cl,5,20,2,30.83,0.65,142.13,127.75,124.61,0.76,0.91,1.08,6.27,6.86,1,1,7.14,7.14,121.48,8.55,28.57,1.05,19.39,23932,0.09,128.7626,4.78,cl-5-20
cl,5,20,3,20.83,0.89,131.83,123.75,119.68,0.9,0.99,1.05,5.15,5.97,1,1,6.47,6.47,122.8,6.64,25.9,1.34,6.66,18420,0.14,71.52309,5.28,cl-5-20
cl,5,20,4,43.37,0.95,117.7,127.76,130.44,0.8,0.97,1.63,7.43,8.68,2.77,0.36,15.07,5.45,127.41,9.33,41.05,1.45,41.09,32235,0.14,214.8827,7.46,cl-5-20
cl,5,20,5,26.08,0.87,142.13,154.14,152.31,0.77,0.93,1.8,5.76,6.84,3.35,0.3,13.37,4,152.22,7.61,34.74,1.26,43.19,26638,0.16,100.165,5.36,cl-5-20
cl,5,20,6,56.64,0.97,102.02,115.18,112.95,0.88,0.99,1.16,8.49,9.21,1,1,9.27,9.27,113.01,10.2,37.08,1.07,38.99,35034,0.08,320.6362,8.5,cl-5-20
cl,5,20,7,21.66,0.83,122.43,119.38,122.09,0.76,0.91,1.43,5.25,6.24,1.99,0.5,9.68,4.86,120.51,7.12,29.08,1.14,42.34,18559,0.16,75.8208,5.8,cl-5-20
cl,5,20,8,37.93,0.68,140.67,143.94,138.7,0.77,0.92,1.24,6.95,7.76,1,1,8.25,8.25,140.07,9.11,32.99,1.09,28.84,32077,0.1,175.7132,6.66,cl-5-20
cl,5,20,9,56.64,0.93,123.27,133.78,132.95,0.93,1,1.06,8.49,8.87,1,1,8.88,8.88,132.09,9.33,35.52,1.06,29.56,40949,0.04,320.6362,8.01,cl-5-20
cl,5,20,10,41.78,0.76,126.91,138.14,138.22,0.83,0.96,1.04,7.29,7.74,1,1,7.82,7.82,136.84,8.8,31.29,1.04,34.19,33663,0.06,203.1184,6.26,cl-5-20
cl,5,20,11,45.67,0.89,144.35,140.25,134.7,0.91,0.99,1.07,7.63,8.83,1,1,8.88,8.88,138.83,9.46,35.52,1.51,10.37,36511,0.14,232.1648,8.01,cl-5-20
cl,5,20,12,29.74,0.95,134.55,131.64,134.12,0.93,1,1.03,6.15,6.5,1,1,6.88,6.88,132.4,6.98,27.52,1.05,24.94,25420,0.05,121.993,5.8,cl-5-20
cl,5,20,13,61.14,0.85,130.09,135.53,138.02,0.89,0.99,1.03,8.82,9.14,1,1,8.99,8.99,135.12,9.99,35.98,1.05,32.88,44453,0.03,359.6638,8.01,cl-5-20
cl,5,20,14,33.69,0.92,121.4,131.69,131.67,0.81,0.97,1.4,6.55,7.56,1.88,0.53,10.97,5.84,129.92,8.07,33.63,1.14,41.91,27283,0.13,147.0892,6.9,cl-5-20
cl,5,20,15,23.12,0.98,138.38,136.56,139.19,0.94,1,1,5.43,5.72,1,1,6.16,6.16,137.2,5.98,24.66,1.04,21.05,22090,0.05,83.60601,5.25,cl-5-20
cl,5,20,16,24.38,0.95,129.36,133.65,133.17,0.83,0.95,1.32,5.57,6.48,1.46,0.68,8.63,5.91,133.03,7.21,29.08,1.11,44.31,22216,0.14,90.543,5.72,cl-5-20
cl,5,20,17,57.11,0.85,144.1,139.97,134.27,0.88,0.98,1.1,8.53,9.92,1,1,9.82,9.82,138.54,10.69,39.29,1.43,9.52,43225,0.14,324.658,8.85,cl-5-20
cl,5,20,18,30.17,0.85,159.03,149.53,146.85,0.88,0.98,1.08,6.2,6.66,1,1,7.07,7.07,149.06,7.32,28.3,1.06,6.06,28917,0.07,124.682,5.8,cl-5-20
cl,5,20,19,29.96,0.93,131.72,134.37,135.61,0.92,0.99,1.03,6.18,6.52,1,1,6.91,6.91,134.41,7.05,27.65,1.05,32.36,25942,0.05,123.3343,5.88,cl-5-20
cl,5,20,20,38.6,0.7,160.51,153.51,145.03,0.78,0.93,1.25,7.01,7.84,1,1,8.33,8.33,151.75,9.46,33.31,1.09,47.11,35205,0.11,180.428,5.85,cl-5-20
cl,5,20,21,29.52,0.9,145.13,150.99,147.36,0.92,0.99,1.02,6.13,6.44,1,1,6.83,6.83,148.73,6.98,27.33,1.05,27.18,28408,0.05,120.6579,5.8,cl-5-20
cl,5,20,22,32.58,0.92,130.34,130.38,128.57,0.92,1,1.03,6.44,6.76,1,1,7.11,7.11,129.82,7.18,28.43,1.05,23.06,26613,0.05,139.9175,6.35,cl-5-20
cl,5,20,23,31.7,0.94,127.52,119.83,115.57,0.93,1,1.05,6.35,7.19,1,1,7.5,7.5,119.43,7.57,30,1.36,12.87,24006,0.12,134.2906,6.66,cl-5-20
cl,5,20,24,33.47,0.99,142.93,145.46,145.23,0.93,1,1.05,6.53,7.42,1,1,7.66,7.66,144.59,7.83,30.64,1.36,8.15,30219,0.12,145.6426,6.91,cl-5-20
cl,5,20,25,45.67,0.89,108.48,117.84,118.59,0.92,0.99,1.03,7.63,7.95,1,1,8.05,8.05,116.99,8.68,32.21,1.05,36.45,30768,0.04,232.1648,7.05,cl-5-20
cl,5,20,26,38.38,0.93,125.46,136.97,135.71,0.87,0.99,1.11,6.99,7.62,1,1,7.86,7.86,135.27,8.74,31.42,1.06,40.83,31247,0.08,178.8506,6.91,cl-5-20
cl,5,20,27,39.51,0.89,117.96,131.23,130.61,0.92,0.99,1.02,7.09,7.4,1,1,7.58,7.58,128.93,8.03,30.32,1.05,38.92,30427,0.04,186.7958,6.66,cl-5-20
cl,5,20,28,24.17,0.82,128.77,133.18,131.64,0.79,0.94,1.66,5.55,6.75,2.87,0.35,12.06,4.2,132.22,7.61,32.53,1.2,38.82,21948,0.18,89.37008,5.45,cl-5-20
cl,5,20,29,65.93,0.57,175.13,160.38,155.54,0.59,0.81,1.96,9.16,11.01,3.89,0.26,20.37,5.23,160.33,13.42,51.21,1.26,35.48,55956,0.17,402.693,8.17,cl-5-20
cl,5,20,30,20.42,0.78,149.78,151.66,147.91,0.79,0.92,1.23,5.1,5.89,1,1,6.6,6.6,150.31,6.48,26.41,1.09,42.24,22246,0.13,69.41586,5.14,cl-5-20
cl,5,20,31,32.14,0.93,139.93,138.75,139.06,0.93,1,1.01,6.4,6.7,1,1,7.03,7.03,138.41,7.06,28.11,1.05,23.28,28097,0.05,137.0917,6.27,cl-5-20
cl,5,20,32,36.58,0.97,119.29,127.93,125.82,0.8,0.95,1.66,6.82,8.13,2.88,0.35,14,4.86,126.27,9.26,37.73,1.2,40.88,28159,0.16,166.4421,6.91,cl-5-20
cl,5,20,33,25.01,0.96,143.29,143.93,139.54,0.73,0.93,1.48,5.64,6.66,2.2,0.45,10.7,4.85,140.94,7.32,31.1,1.16,28.82,23959,0.15,94.10169,5.8,cl-5-20
cl,5,20,34,60.91,0.58,125.95,131.79,136.67,0.6,0.84,1.66,8.81,10.41,2.87,0.35,16.96,5.9,131.82,12.99,45.74,1.18,33.03,43237,0.15,357.5643,6.61,cl-5-20
cl,5,20,35,25.22,0.78,160.85,154.16,144.1,0.77,0.92,1.72,5.67,7.05,3.09,0.32,12.71,4.11,151.88,7.71,33.63,1.2,42.58,25971,0.2,95.30118,5.63,cl-5-20
cl,5,20,36,56.87,0.84,161.41,157.88,160.85,0.83,0.97,1.3,8.51,9.4,1.35,0.74,11.34,8.38,159.02,10.78,39.43,1.11,49.19,49455,0.1,322.6446,7.81,cl-5-20
cl,5,20,37,31.27,0.89,129.55,137.02,137.76,0.75,0.91,1.92,6.31,8.29,3.77,0.27,15.48,4.1,136.38,8.74,39.16,1.38,40.94,27139,0.24,131.5142,7.41,cl-5-20
cl,5,20,38,23.54,0.93,150.4,140.85,135.39,0.93,1,1.03,5.47,6.38,1,1,6.8,6.8,140.34,6.8,27.19,1.41,6.3,22876,0.14,85.89147,5.8,cl-5-20
cl,5,20,39,31.7,0.98,129.88,138.52,143.05,0.95,1,1,6.35,6.6,1,1,6.91,6.91,138.58,6.8,27.65,1.05,30.47,27854,0.04,134.2906,6.27,cl-5-20
cl,5,20,40,30.83,0.77,159.26,162.25,155.94,0.85,0.97,1.03,6.27,6.66,1,1,6.96,6.96,159.35,7.73,27.84,1.04,33.24,31392,0.06,128.7626,5.25,cl-5-20
cl,5,20,41,28.87,0.98,133.2,138.24,136.43,0.94,1,1.05,6.06,6.45,1,1,6.88,6.88,136.8,6.8,27.52,1.06,40.19,25719,0.06,116.6906,5.8,cl-5-20
cl,5,20,42,33.91,0.97,125.68,133.28,129.31,0.88,0.99,1.31,6.57,7.48,1.38,0.72,9.44,6.83,129.91,8.49,32.53,1.11,37.71,27412,0.12,148.5417,6.75,cl-5-20
cl,5,20,43,23.12,0.9,125.59,129.4,127.91,0.84,0.98,1.17,5.43,6.14,1,1,6.72,6.72,128.49,6.99,26.87,1.07,35.3,20687,0.12,83.60601,5.25,cl-5-20
cl,5,20,44,34.58,0.57,153.53,146.31,144.82,0.67,0.85,1.19,6.63,7.91,1,1,8.1,8.1,145.72,9.99,32.4,1.28,5.09,31184,0.16,152.9358,4.72,cl-5-20
cl,5,20,45,38.6,0.87,141.47,132.77,127.59,0.89,0.99,1.09,7.01,7.9,1,1,8.13,8.13,132.23,8.79,32.53,1.34,5.52,30677,0.11,180.428,6.91,cl-5-20
cl,5,20,46,22.91,0.49,132.74,111.13,94.89,0.63,0.77,1.26,5.4,6.57,1,1,6.96,6.96,108.21,8.92,27.84,1.06,22.6,17313,0.18,82.47342,3.43,cl-5-20
cl,5,20,47,69.3,0.4,114.1,119.96,122.16,0.31,0.61,1.71,9.39,11.96,3.06,0.33,18.41,6.02,119.62,15.53,48.86,1.12,32.14,43421,0.21,433.9742,6.33,cl-5-20
cl,5,20,48,46.13,0.93,128.94,140.88,138.36,0.94,1,1,7.66,7.95,1,1,7.94,7.94,138.29,8.49,31.75,1.04,33.94,36648,0.04,235.6877,7.44,cl-5-20
cl,5,20,49,20.42,0.63,162.3,162.11,156.2,0.74,0.88,1.37,5.1,6.35,1.74,0.58,9.12,5.26,160.06,7.95,28.76,1.31,15.11,23689,0.2,69.41586,4.2,cl-5-20
cl,5,20,50,38.38,0.89,128.64,140.22,144.35,0.91,0.99,1.01,6.99,7.28,1,1,7.47,7.47,138.87,7.86,29.86,1.04,30.75,32079,0.04,178.8506,6.35,cl-5-20
cl,5,20,51,37.03,0.96,126.83,133.62,128.58,0.95,1,1,6.87,7.12,1,1,7.3,7.3,131.01,7.32,29.21,1.04,32.83,29477,0.04,169.5089,6.66,cl-5-20
cl,5,20,52,46.36,0.97,122.78,135.97,135.61,0.95,1,1.02,7.68,7.96,1,1,8.05,8.05,134.35,8.22,32.21,1.05,35.81,35736,0.03,237.4574,7.46,cl-5-20
cl,5,20,53,44.29,0.92,144.79,152.39,140.53,0.84,0.97,1.51,7.51,8.57,2.3,0.43,13.45,5.84,147.97,9.26,38.57,1.17,44.6,38029,0.12,221.7287,7.46,cl-5-20
cl,6,20,1,22.28,0.9,151.81,150.11,149.16,0.89,0.99,1.08,5.33,6.25,1,1,6.8,6.8,149.97,6.64,27.19,1.44,10.47,23545,0.15,79.11639,5.74,cl-6-20
cl,6,20,2,25.65,0.89,164.32,164.1,161.57,0.89,0.99,1.12,5.71,6.65,1,1,7.19,7.19,163.33,7.26,28.76,1.4,17.33,28256,0.14,97.71995,6.17,cl-6-20
cl,6,20,3,29.52,0.93,163.15,164.14,154.63,0.93,1,1,6.13,6.4,1,1,6.72,6.72,161.17,6.8,26.87,1.04,18.88,30784,0.04,120.6579,5.8,cl-6-20
cl,6,20,4,29.09,1,158.13,155.67,149.86,0.93,1,1.05,6.09,6.47,1,1,6.91,6.91,154.19,6.8,27.65,1.06,20.42,29141,0.06,118.0067,6.21,cl-6-20
cl,6,20,5,26.93,0.93,153.92,151.1,145.14,0.85,0.98,1.27,5.86,6.7,1,1,7.38,7.38,149.15,7.32,29.54,1.1,23.83,26698,0.13,105.1335,6.09,cl-6-20
cl,6,20,6,24.59,0.93,142.13,143.31,141.57,0.94,1,1,5.6,5.86,1,1,6.25,6.25,142.69,6.28,24.98,1.04,26.41,23972,0.04,91.72258,5.25,cl-6-20
cl,6,20,7,26.29,0.98,138.44,146.09,143.72,0.93,1,1.07,5.79,6.17,1,1,6.72,6.72,143.9,6.42,26.87,1.07,25.85,25327,0.06,101.3974,5.8,cl-6-20
cl,6,20,8,29.52,0.95,141.04,145.92,142.61,0.94,1,1,6.13,6.38,1,1,6.72,6.72,144.39,6.8,26.87,1.04,27.16,27578,0.04,120.6579,5.8,cl-6-20
cl,6,20,9,31.27,0.93,147.25,149.35,142.72,0.94,1,1,6.31,6.57,1,1,6.83,6.83,146.86,6.99,27.33,1.04,25.18,29225,0.04,131.5142,5.88,cl-6-20
cl,6,20,10,30.61,0.97,149.99,144.02,140.22,0.94,1,1.02,6.24,6.54,1,1,6.91,6.91,143.59,6.8,27.65,1.05,18.62,28144,0.04,127.3961,6.27,cl-6-20
cl,6,20,11,29.74,0.99,142.21,138.16,136.58,0.93,1,1.07,6.15,6.54,1,1,7.03,7.03,138.15,6.8,28.11,1.07,17.63,26525,0.06,121.993,6.27,cl-6-20
cl,6,20,12,19.6,0.95,160.69,156.1,146.63,0.93,1,1,5,5.27,1,1,5.86,5.86,153.49,5.58,23.42,1.05,31.69,22102,0.05,65.28536,4.7,cl-6-20
cl,6,20,13,32.14,0.83,140.73,140.07,131.84,0.81,0.96,1.56,6.4,7.42,2.51,0.4,12.46,4.97,137.65,8.55,34.87,1.19,37.71,27943,0.14,137.0917,6.22,cl-6-20
cl,6,20,14,25.01,0.97,137.5,143.16,138.37,0.93,1,1.04,5.64,6.01,1,1,6.52,6.52,140.71,6.35,26.09,1.06,38.45,23921,0.06,94.10169,5.8,cl-6-20
cl,6,20,15,43.37,0.87,157.88,158.2,154.64,0.89,0.99,1.12,7.43,7.95,1,1,8.25,8.25,156.91,8.55,32.99,1.07,19.38,39698,0.06,214.8827,7.13,cl-6-20
cl,6,20,16,25.22,0.92,129.89,138.05,135.86,0.86,0.98,1.29,5.67,6.5,1.25,0.8,8.07,6.47,134.73,7.86,29.08,1.11,35.57,23039,0.13,95.30118,5.62,cl-6-20
cl,6,20,17,36.36,0.74,137.04,128.35,131.61,0.82,0.95,1.05,6.8,7.26,1,1,7.47,7.47,130.04,8.39,29.86,1.05,12.88,28869,0.06,164.9176,5.74,cl-6-20
cl,6,20,18,35.69,0.84,131.91,127.47,128.81,0.8,0.94,1.62,6.74,8.14,2.74,0.37,13.53,4.94,128.37,9.46,36.95,1.17,22.47,28113,0.17,160.3796,6.91,cl-6-20
cl,6,20,19,37.48,0.99,148.52,148.98,146.7,0.95,1,1.03,6.91,7.41,1,1,7.63,7.63,147.78,7.71,30.51,1.22,18.07,33545,0.07,172.5993,6.91,cl-6-20
cl,6,20,20,48.44,0.73,146.75,139.03,133.88,0.71,0.91,1.29,7.85,9.76,1.22,0.82,10.84,8.87,135.69,11.44,39.43,1.4,8.54,37316,0.19,253.6306,7.83,cl-6-20
cl,6,20,21,40.64,0.96,114.81,123,123.67,0.94,1,1.02,7.19,7.51,1,1,7.69,7.69,121.76,7.73,30.78,1.05,38.95,29344,0.04,194.8855,7.05,cl-6-20
cl,6,20,22,25.22,0.88,159.69,148.73,139.77,0.9,0.99,1.07,5.67,6.71,1,1,7.16,7.16,146.98,7.51,28.62,1.43,6.55,25134,0.16,95.30118,5.8,cl-6-20
cl,6,20,23,30.39,0.91,141.7,141.08,136.15,0.91,0.99,1.06,6.22,6.6,1,1,7.04,7.04,139.66,7.05,28.16,1.06,27.24,27234,0.06,126.0359,5.8,cl-6-20
cl,6,20,24,34.13,0.95,147.81,147.68,141.63,0.94,1,1.02,6.59,6.89,1,1,7.19,7.19,145.89,7.18,28.76,1.05,18.12,30928,0.04,150.0004,6.35,cl-6-20
cl,6,20,25,26.72,0.91,125.07,132.08,137.92,0.92,1,1.02,5.83,6.15,1,1,6.6,6.6,131.91,6.52,26.41,1.05,25.53,23480,0.05,103.8816,5.25,cl-6-20
cl,6,20,26,21.87,0.89,138.59,138.68,136.14,0.92,0.99,1,5.28,5.58,1,1,6.05,6.05,137.22,6.03,24.2,1.04,27.56,21269,0.05,76.91247,5.1,cl-6-20
cl,6,20,27,32.8,0.85,123.68,127.04,121.65,0.89,0.98,1.05,6.46,6.83,1,1,7.19,7.19,124.71,7.57,28.76,1.06,33.94,25690,0.05,141.3396,6.17,cl-6-20
cl,6,20,28,23.12,0.95,155.31,155.14,149.18,0.93,1,1.05,5.43,6.88,1,1,7.27,7.27,152.82,7.26,29.08,1.56,5.61,24604,0.21,83.60601,6.35,cl-6-20
cl,6,20,29,35.24,0.89,99.52,108.82,109.89,0.77,0.97,1.49,6.7,7.71,2.22,0.45,12.14,5.46,108.05,8.68,35.2,1.17,37.88,23446,0.13,157.3841,6.66,cl-6-20
cl,6,20,30,33.03,0.88,151.42,147.89,140.17,0.91,0.99,1.02,6.48,6.82,1,1,7.11,7.11,145.32,7.48,28.43,1.05,24.97,30081,0.05,142.7679,5.88,cl-6-20
cl,6,20,31,27.15,0.88,116.07,123.01,124.73,0.84,0.97,1.25,5.88,6.76,1,1,7.35,7.35,122.71,7.48,29.4,1.09,40.27,22087,0.13,106.3919,5.8,cl-6-20
cl,6,20,32,30.39,0.58,148.14,142.14,135.69,0.49,0.57,3.64,6.22,9.04,9.32,0.11,23.56,2.53,140.87,11.37,52.18,1.5,22.33,27470,0.31,126.0359,5.97,cl-6-20
cl,6,20,33,28.65,0.87,125.01,135.32,137.99,0.82,0.97,1.31,6.04,6.95,1.39,0.72,8.92,6.4,134.94,7.52,30.64,1.11,42.17,25233,0.13,115.3809,5.98,cl-6-20
cl,6,20,34,42.69,0.81,141.94,132.44,120.89,0.86,0.98,1.07,7.37,9.11,1,1,9.04,9.04,129.63,10.2,36.17,1.52,5.99,32407,0.19,209.807,7.46,cl-6-20
cl,6,20,35,23.75,0.96,140.44,136.12,132.69,0.8,0.95,1.28,5.5,6.33,1.21,0.83,7.78,6.44,135.55,6.8,28.43,1.11,32.53,22230,0.13,87.04429,5.8,cl-6-20
cl,6,20,36,24.59,0.47,176.3,159.81,158.81,0.35,0.45,4.95,5.6,9.31,13.46,0.07,26.28,1.95,161.18,11.71,56.46,1.58,27.17,27078,0.4,91.72258,6.16,cl-6-20
cl,6,20,37,21.66,0.48,174.19,160.93,159.57,0.36,0.42,5.63,5.25,9.51,15.64,0.06,27.12,1.73,162.04,12.65,57.7,1.59,27.48,24954,0.45,75.8208,6.07,cl-6-20
cl,6,20,38,28.65,0.93,117.6,133.2,140.05,0.78,0.92,1.82,6.04,7.64,3.44,0.29,14.01,4.08,133.49,8.62,36.17,1.21,39.61,24963,0.21,115.3809,6.9,cl-6-20
cl,6,20,39,22.91,0.89,132.74,138.91,143.38,0.92,0.99,1.02,5.4,5.73,1,1,6.25,6.25,139.51,6.27,24.98,1.05,30.06,22322,0.06,82.47342,5.04,cl-6-20
cl,6,20,40,42.23,0.97,136.61,140.59,144.57,0.94,1,1.02,7.33,7.62,1,1,7.78,7.78,141.07,7.73,31.1,1.05,22.99,34985,0.04,206.4514,7.41,cl-6-20
cl,6,20,41,36.58,0.91,137.21,144.8,141.35,0.92,0.99,1.07,6.82,7.25,1,1,7.58,7.58,142.39,7.73,30.32,1.06,29.71,31754,0.06,166.4421,6.79,cl-6-20
cl,6,20,42,22.91,0.89,143.98,138.91,138.81,0.9,0.99,1.04,5.4,5.76,1,1,6.33,6.33,139.12,6.48,25.31,1.06,23.33,22259,0.06,82.47342,5.25,cl-6-20
cl,6,20,43,24.59,0.78,150.61,147.98,143.83,0.81,0.94,1.38,5.6,6.45,1.79,0.56,9.57,5.36,147.04,7.32,29.86,1.14,39.29,24703,0.13,91.72258,5.31,cl-6-20
cl,6,20,44,32.58,0.94,129.02,144.72,147.6,0.76,0.91,2.09,6.44,8,4.33,0.23,16.46,3.8,143.78,8.92,40.53,1.3,38.69,29475,0.19,139.9175,7.44,cl-6-20
cl,6,20,45,20.01,0.84,174.17,172,163.73,0.56,0.84,2,5.05,6.12,4.05,0.25,13.43,3.32,169.73,7.32,33.5,1.32,28.99,24781,0.18,67.33657,4.7,cl-6-20
cl,6,20,46,41.32,0.86,115.85,122.26,126.43,0.83,0.96,1.45,7.25,8.7,2.06,0.49,12.76,6.2,122.77,9.68,37.92,1.35,43.31,29955,0.17,199.8081,7.67,cl-6-20
cl,6,20,47,35.69,0.81,145.25,146.64,139.8,0.86,0.98,1.12,6.74,7.23,1,1,7.66,7.66,144.17,8.15,30.64,1.08,20.78,31573,0.07,160.3796,6.23,cl-6-20
cl,6,20,48,26.93,0.82,122.83,125.51,121.56,0.77,0.93,1.85,5.86,7.68,3.51,0.28,14.2,4.04,124.03,9.25,36.49,1.38,36.84,22201,0.24,105.1335,6.29,cl-6-20
cl,6,20,49,19.81,0.96,131.77,131.21,125.59,0.93,1,1.01,5.02,5.38,1,1,5.94,5.94,128.23,6.03,23.74,1.05,28.82,18593,0.07,66.30745,4.7,cl-6-20
cl,6,20,50,28.01,0.93,123.28,131.24,138.08,0.83,0.97,1.33,5.97,6.65,1.52,0.66,9.24,6.08,132.38,7.18,30.64,1.14,44.72,24357,0.1,111.49,6.27,cl-6-20
cl,6,20,51,43.14,0.69,167.99,153.91,152.54,0.69,0.87,1.68,7.41,9.2,2.95,0.34,15.32,5.2,154.79,11.43,41.05,1.32,25.77,39006,0.19,213.1852,6.78,cl-6-20
cl,6,20,52,37.03,0.94,131.66,134.32,137.16,0.87,0.98,1.17,6.87,7.74,1,1,8.1,8.1,134.85,8.23,32.4,1.24,43.08,30342,0.11,169.5089,7.36,cl-6-20
cl,6,20,53,21.04,0.85,133.82,125.64,118.43,0.88,0.98,1.02,5.18,6.3,1,1,6.68,6.68,124.4,6.99,26.74,1.43,6.62,18784,0.18,72.58714,5.25,cl-6-20
cl,6,20,54,22.7,0.93,149.43,142.26,136.89,0.89,0.99,1.05,5.38,5.74,1,1,6.33,6.33,141.19,6.03,25.31,1.06,16.64,22450,0.06,81.34761,5.25,cl-6-20
cl,6,20,55,29.52,0.91,138.61,136.85,136.43,0.92,0.99,1.01,6.13,6.46,1,1,6.8,6.8,136.59,6.8,27.19,1.05,25.69,26089,0.05,120.6579,5.8,cl-6-20
cl,6,20,56,25.86,0.98,139.3,136.8,136.72,0.86,0.99,1.17,5.74,6.42,1,1,6.99,6.99,137.07,7.26,27.97,1.08,27.22,23851,0.11,98.9392,5.8,cl-6-20
cl,6,20,57,44.06,0.84,109.43,122.11,118.3,0.89,0.99,1.05,7.49,7.88,1,1,8.02,8.02,119.52,8.96,32.07,1.05,34.73,30598,0.05,220.0088,6.91,cl-6-20
cl,6,20,58,28.87,0.81,136.2,145.41,147.99,0.79,0.95,1.3,6.06,6.9,1.35,0.74,8.79,6.53,145.12,7.51,30.64,1.11,40.1,27282,0.12,116.6906,5.54,cl-6-20
cl,6,20,59,29.09,0.89,137.96,138.39,137.02,0.8,0.95,1.66,6.09,7.11,2.88,0.35,12.89,4.48,137.62,7.61,34.74,1.22,38.75,26010,0.14,118.0067,6.79,cl-6-20
cl,6,20,60,42.23,0.89,150.23,159.38,152.35,0.82,0.97,1.3,7.33,8.21,1.35,0.74,10.1,7.5,156.04,9.07,35.2,1.11,43.29,38698,0.11,206.4514,7.44,cl-6-20
cl,6,20,61,24.38,0.95,132.48,135.35,138.02,0.84,0.98,1.22,5.57,6.31,1,1,6.99,6.99,135.48,7.06,27.97,1.09,33.54,22625,0.12,90.543,5.49,cl-6-20
cl,6,20,62,44.29,0.96,124.39,138.12,134.85,0.83,0.98,1.25,7.51,8.36,1,1,8.77,8.77,135.09,9.72,35.06,1.09,43.32,34717,0.1,221.7287,7.46,cl-6-20
cl,6,20,63,54.05,0.97,101.98,81.37,72.48,0.94,1,1.04,8.3,8.61,1,1,8.64,8.64,81.05,8.92,34.55,1.05,29.27,24233,0.04,298.8846,8.23,cl-6-20
cl,6,20,64,39.96,0.96,113.54,127.87,129.33,0.94,1,1.01,7.13,7.41,1,1,7.58,7.58,126.37,7.73,30.32,1.05,40.38,30076,0.04,190.0144,6.91,cl-6-20
cl,6,20,65,30.83,0.95,140.93,132.83,130.18,0.91,0.99,1.15,6.27,6.77,1,1,7.38,7.38,132.95,7.61,29.54,1.09,5.11,26192,0.08,128.7626,6.27,cl-6-20
cl,6,20,66,31.92,0.78,123.03,132.71,128.08,0.85,0.97,1.04,6.38,6.79,1,1,7.11,7.11,129.6,7.86,28.43,1.05,33.38,26180,0.06,135.6881,5.72,cl-6-20
cl,6,20,67,21.45,0.93,147.26,144.02,141.34,0.84,0.96,1.22,5.23,5.93,1,1,6.68,6.68,143.24,6.35,26.74,1.09,36.95,21915,0.12,74.73601,5.51,cl-6-20
cl,6,20,68,24.59,0.89,121.1,129.84,127.42,0.87,0.98,1.12,5.6,6.15,1,1,6.72,6.72,128.11,6.64,26.87,1.07,37.82,21523,0.09,91.72258,5.4,cl-6-20
cl,6,20,69,20.22,0.9,150.57,146.91,143.03,0.84,0.97,1.25,5.07,5.84,1,1,6.64,6.64,145.78,6.37,26.55,1.1,25.15,21430,0.13,68.37271,5.36,cl-6-20
cl,6,20,70,26.72,0.85,140.66,135.69,130.63,0.88,0.98,1.08,5.83,7.24,1,1,7.53,7.53,134.69,8.15,30.13,1.62,13.59,23975,0.19,103.8816,6.4,cl-6-20
cl,6,20,71,30.83,0.92,135.35,143.12,141.17,0.93,1,1,6.27,6.52,1,1,6.83,6.83,140.86,6.8,27.33,1.04,25.48,27750,0.04,128.7626,5.88,cl-6-20
cl,6,20,72,32.36,0.95,139.32,148,145.88,0.92,1,1.02,6.42,6.77,1,1,7.07,7.07,146.36,7.21,28.3,1.05,30.56,29857,0.05,138.5016,6.35,cl-6-20
cl,6,20,73,67.13,0.58,152.48,148.8,151.55,0.33,0.61,4.03,9.25,12.63,10.58,0.09,33.82,3.2,150.03,15.39,74.03,1.6,20.05,53111,0.27,413.7563,9.12,cl-6-20
cl,6,20,74,31.05,0.93,122.28,127.43,126.13,0.93,1,1,6.29,6.59,1,1,6.88,6.88,125.77,7.12,27.52,1.04,39.05,24903,0.05,130.1353,5.8,cl-6-20
cl,6,20,75,60.43,0.85,146.78,141.43,129.32,0.87,0.98,1.08,8.77,10.49,1,1,10.25,10.25,138.02,11.51,40.99,1.62,14.95,44996,0.16,353.3804,8.98,cl-6-20
cl,6,20,76,21.45,0.82,145.94,150.71,147.65,0.74,0.92,1.36,5.23,6.19,1.7,0.59,8.9,5.25,148.54,7.21,28.3,1.12,33.92,22726,0.16,74.73601,5.1,cl-6-20
cl,6,20,77,34.58,0.92,150.55,140.96,137.44,0.92,0.99,1.04,6.63,7.67,1,1,7.82,7.82,141,8.34,31.29,1.39,9.2,30173,0.13,152.9358,6.91,cl-6-20
cl,6,20,78,33.69,0.85,157.08,159.75,156.84,0.88,0.98,1.03,6.55,6.94,1,1,7.19,7.19,158.54,7.71,28.76,1.05,22.35,33293,0.06,147.0892,5.8,cl-6-20
cl,6,20,79,42,0.87,148.58,149.46,145.59,0.9,0.99,1.02,7.31,7.66,1,1,7.78,7.78,147.19,8.34,31.1,1.04,24.97,36357,0.05,204.7821,6.66,cl-6-20
cl,6,20,80,391.07,0.63,111.53,122.31,125.23,0.32,0.77,3.22,22.31,27.68,8,0.13,63.03,7.88,121.67,33.06,141.82,1.78,35.1,192476,0.19,5817.661,22.24,cl-6-20
cl,6,20,81,57.58,0.7,98.43,108.33,108.07,0.74,0.92,1.67,8.56,10.3,2.89,0.35,16.9,5.84,106.89,12.15,45.47,1.32,34.73,33563,0.17,328.7003,7.8,cl-6-20
cl,6,20,82,20.83,0.91,151.89,144.58,137.42,0.93,1,1,5.15,5.4,1,1,5.94,5.94,142.97,5.76,23.74,1.05,22.76,21445,0.05,71.52309,4.7,cl-6-20
cl,6,20,83,29.3,0.92,133.45,136.42,133.2,0.91,0.99,1.07,6.11,6.51,1,1,6.99,6.99,134.49,7.12,27.97,1.07,31.39,25554,0.06,119.3291,6.11,cl-6-20
cl,6,20,84,30.17,0.98,139.98,136.7,140.01,0.94,1,1.03,6.2,6.54,1,1,6.91,6.91,138.05,6.8,27.65,1.05,10.22,26781,0.05,124.682,6.27,cl-6-20
cl,6,20,85,61.38,0.84,142.2,142.66,144.03,0.87,0.98,1.12,8.84,9.39,1,1,9.43,9.43,142.4,10.13,37.73,1.07,7.21,46992,0.06,361.7682,8.31,cl-6-20
cl,6,20,86,57.35,0.83,137.84,152.5,150.47,0.87,0.98,1.03,8.54,8.9,1,1,8.8,8.8,150.2,9.88,35.2,1.04,30.69,47012,0.04,326.6766,7.46,cl-6-20
cl,6,20,87,40.19,0.92,140.3,147.84,144.55,0.93,1,1.05,7.15,7.49,1,1,7.78,7.78,145.18,7.9,31.1,1.06,37.41,34699,0.05,191.6324,7.01,cl-6-20
cl,6,20,88,25.22,0.95,123.92,132.33,130.41,0.93,1,1.04,5.67,6,1,1,6.52,6.52,130.37,6.35,26.09,1.06,33.24,22294,0.06,95.30118,5.72,cl-6-20
cl,6,20,89,55.93,0.95,130.94,136.04,136.93,0.93,1,1.05,8.44,8.78,1,1,8.8,8.8,135.36,9.11,35.2,1.06,23.75,41555,0.04,314.642,8.48,cl-6-20
cl,6,20,90,45.9,0.96,134.38,138.86,138.41,0.93,1,1.04,7.64,7.95,1,1,8.13,8.13,138.23,8.25,32.53,1.06,22.55,36494,0.04,233.9235,7.46,cl-6-20
cl,6,20,91,25.01,0.84,162.35,161.09,154.72,0.84,0.97,1.3,5.64,6.84,1.35,0.74,8.79,6.53,159.32,7.61,30.64,1.48,20.97,27084,0.18,94.10169,5.95,cl-6-20
cl,6,20,92,24.8,0.82,149.01,148.6,151.88,0.76,0.91,1.71,5.62,7.08,3.03,0.33,13.01,4.3,149.63,7.71,34.61,1.45,42.76,25287,0.21,92.90882,6.2,cl-6-20
cl,6,20,93,19.6,0.83,122.54,127.5,128.79,0.78,0.91,1.77,5,6.24,3.26,0.31,11.97,3.67,126.9,7.21,31.29,1.22,43,18273,0.2,65.28536,5.03,cl-6-20
cl,6,20,94,35.47,0.75,138.69,137.35,135.87,0.82,0.95,1.1,6.72,7.76,1,1,8,8,136.77,8.68,32.02,1.36,20.15,29816,0.13,158.8789,5.85,cl-6-20
cl,6,20,95,33.03,0.79,150.15,152.4,153.5,0.86,0.97,1.1,6.48,6.97,1,1,7.38,7.38,151.56,7.71,29.54,1.07,18.75,31372,0.07,142.7679,5.72,cl-6-20
cl,6,20,96,22.07,0.93,152.28,154.58,154.59,0.91,0.99,1.07,5.3,5.67,1,1,6.33,6.33,154.29,5.97,25.31,1.07,17.08,24070,0.06,78.01101,5.25,cl-6-20
cl,6,20,97,26.72,0.77,132.04,133.11,132.86,0.81,0.94,1.25,5.83,6.65,1,1,7.3,7.3,132.89,7.73,29.21,1.09,36.37,23654,0.12,103.8816,5.49,cl-6-20
cl,6,20,98,42,0.91,148.87,149.39,144.29,0.92,0.99,1.04,7.31,7.65,1,1,7.86,7.86,147.76,8.25,31.42,1.06,30.77,36497,0.04,204.7821,7.05,cl-6-20
cl,6,20,99,29.09,0.95,130.46,133.09,132.19,0.93,1,1.05,6.09,6.42,1,1,6.91,6.91,131.56,6.7,27.65,1.07,34.26,24864,0.05,118.0067,6.01,cl-6-20
cl,6,20,100,36.58,0.92,122.14,126.35,129.13,0.89,0.98,1.21,6.82,7.52,1,1,8.05,8.05,126.68,8.49,32.21,1.09,41.74,28250,0.09,166.4421,6.64,cl-6-20
cl,7,20,1,20.01,0.87,137.27,131.49,131.05,0.88,0.98,1.18,5.05,6.03,1,1,6.8,6.8,131.29,6.97,27.19,1.4,35.32,19169,0.16,67.33657,5.14,cl-7-20
cl,7,20,2,38.15,0.81,148.47,144.67,151.01,0.85,0.97,1.15,6.97,7.67,1,1,7.97,7.97,146.98,8.45,31.88,1.07,4.39,33806,0.09,177.279,6.61,cl-7-20
cl,7,20,3,24.59,0.93,140.97,134.64,130.3,0.91,0.99,1.01,5.6,6.59,1,1,6.91,6.91,133.79,7.06,27.65,1.59,14.5,22476,0.15,91.72258,5.8,cl-7-20
cl,7,20,4,32.14,0.82,135.38,136.35,137.26,0.67,0.91,1.73,6.4,7.73,3.13,0.32,13.93,4.45,135.93,8.96,36.76,1.21,32.48,27594,0.17,137.0917,6.35,cl-7-20
cl,7,20,5,33.47,0.72,130.49,124.6,118.89,0.79,0.94,1.2,6.53,8.49,1,1,8.88,8.88,123.54,9.88,35.52,1.56,6.42,25819,0.23,145.6426,6.66,cl-7-20
cl,7,20,6,21.45,0.86,148.71,146.47,146.37,0.82,0.97,1.29,5.23,6.03,1.25,0.8,7.66,6.1,146.31,7.18,27.52,1.11,23.68,22386,0.13,74.73601,5.01,cl-7-20
cl,7,20,7,28.65,0.9,124.11,124.21,125.96,0.77,0.97,1.47,6.04,7.01,2.17,0.46,11.14,5.13,124.69,8.15,32.53,1.16,34.35,23317,0.14,115.3809,5.8,cl-7-20
cl,7,20,8,22.49,0.97,114.44,120.97,119.75,0.87,0.97,1.22,5.35,6.04,1,1,6.8,6.8,119.86,6.8,27.19,1.1,41.86,18938,0.11,80.22859,5.49,cl-7-20
cl,7,20,9,39.96,0.97,136.85,127.64,124.61,0.94,1,1.05,7.13,7.73,1,1,7.94,7.94,127.46,7.9,31.75,1.26,15.21,30336,0.08,190.0144,7.46,cl-7-20
cl,7,20,10,43.83,0.99,136.85,142.92,142.34,0.91,0.99,1.1,7.47,7.95,1,1,8.21,8.21,141.86,8.68,32.85,1.07,30.14,36175,0.06,218.2945,7.46,cl-7-20
cl,7,20,11,38.15,0.79,149.17,148.86,149.2,0.85,0.97,1.03,6.97,7.38,1,1,7.55,7.55,148.82,8.55,30.19,1.04,24.26,34229,0.06,177.279,5.8,cl-7-20
cl,7,20,12,24.59,0.83,135.05,141.19,146.38,0.8,0.94,1.49,5.6,6.75,2.22,0.45,10.68,4.8,141.71,8.01,30.97,1.14,40.12,23807,0.17,91.72258,5.29,cl-7-20
cl,7,20,13,30.83,0.83,160.72,149.74,143.77,0.84,0.96,1.23,6.27,7.05,1,1,7.63,7.63,149.16,8.62,30.51,1.09,39.2,29385,0.11,128.7626,5.95,cl-7-20
cl,7,20,14,31.27,0.93,132.8,142.02,139.64,0.76,0.96,1.39,6.31,7.44,1.8,0.56,10.45,5.82,139.67,8.79,32.53,1.11,37.46,27794,0.15,131.5142,6.27,cl-7-20
cl,7,20,15,22.28,0.89,136.65,139.41,139.66,0.81,0.94,1.4,5.33,6.24,1.88,0.53,9.49,5.05,139.13,6.8,29.08,1.14,39.6,21843,0.15,79.11639,5.62,cl-7-20
cl,7,20,16,26.93,0.78,118.01,128.01,121.4,0.84,0.96,1.14,5.86,6.39,1,1,6.99,6.99,124.88,7.18,27.97,1.08,33.07,22354,0.08,105.1335,5.29,cl-7-20
cl,7,20,17,36.13,0.9,127.83,130.11,133.62,0.92,0.99,1.06,6.78,7.17,1,1,7.5,7.5,130.29,7.61,30,1.06,27.96,28793,0.05,163.399,6.61,cl-7-20
cl,7,20,18,29.09,0.92,136.22,137.92,141.59,0.82,0.97,1.38,6.09,6.89,1.76,0.57,10.08,5.72,138.79,7.73,31.61,1.15,43.54,26231,0.12,118.0067,5.8,cl-7-20
cl,7,20,19,36.58,0.83,142.19,144.04,135.62,0.83,0.95,1.23,6.82,7.53,1,1,8.1,8.1,141.29,8.55,32.4,1.1,43.28,31508,0.09,166.4421,6.75,cl-7-20
cl,7,20,20,24.17,0.81,136.91,134.87,122.08,0.79,0.92,1.52,5.55,6.62,2.36,0.42,10.95,4.63,131.28,7.21,31.16,1.17,36.99,21792,0.16,89.37008,5.49,cl-7-20
cl,7,20,21,31.7,0.79,134.26,138.84,126.1,0.75,0.92,1.58,6.35,7.81,2.56,0.39,12.54,4.89,134.22,9.07,34.87,1.15,38.06,26978,0.19,134.2906,5.88,cl-7-20
cl,7,20,22,204.77,0.66,116.44,127.88,124.02,0.55,0.87,1.9,16.15,19.07,3.71,0.27,32.24,8.69,124.75,22.54,81.85,1.43,31.22,111406,0.15,2204.187,14.09,cl-7-20
cl,7,20,23,25.65,0.96,139.95,147.95,141.57,0.87,0.99,1.17,5.71,6.29,1,1,6.96,6.96,145.13,6.8,27.84,1.09,38.21,25107,0.09,97.71995,5.8,cl-7-20
cl,7,20,24,51.47,0.87,139.94,152.07,154.39,0.9,0.99,1.05,8.1,8.44,1,1,8.52,8.52,151.2,9.26,34.09,1.06,27.06,43545,0.04,277.7638,7.65,cl-7-20
cl,7,20,25,23.96,0.86,160.57,158.95,146.79,0.82,0.95,1.37,5.52,6.34,1.7,0.59,9.26,5.44,155.45,7.12,29.4,1.14,33.97,25650,0.13,88.20384,5.43,cl-7-20
cl,7,20,26,36.81,0.95,139.5,130.85,129.86,0.94,1,1.02,6.85,7.13,1,1,7.38,7.38,130.67,7.51,29.54,1.05,12.72,29271,0.04,167.9726,6.85,cl-7-20
cl,7,20,27,47.28,0.82,134.48,147.53,149.41,0.87,0.98,1.05,7.76,8.16,1,1,8.25,8.25,146,9.25,32.99,1.05,31.57,39419,0.05,244.591,7.05,cl-7-20
cl,7,20,28,54.05,0.92,145.45,145.82,148.72,0.91,0.99,1.18,8.3,9.06,1,1,9.35,9.35,146.63,9.96,37.41,1.24,5.69,43841,0.08,298.8846,8.48,cl-7-20
cl,8,20,1,58.53,0.99,128.13,114.55,111.03,0.95,1,1.03,8.63,8.94,1,1,8.88,8.88,114.99,9.11,35.52,1.05,28.66,36567,0.03,336.846,8.57,cl-8-20
cl,8,20,2,52.4,0.99,116.26,95.61,86.53,0.95,1,1.01,8.17,8.46,1,1,8.41,8.41,95.24,8.74,33.63,1.04,33.91,27810,0.03,285.3704,8.01,cl-8-20
cl,8,20,3,47.28,0.89,142.03,140.36,138.11,0.91,0.99,1.07,7.76,8.63,1,1,8.72,8.72,139.85,9.25,34.87,1.34,13.76,37760,0.1,244.591,7.96,cl-8-20
cl,8,20,4,24.59,0.94,105.49,113.53,114.82,0.94,1,1,5.6,5.86,1,1,6.25,6.25,112.58,6.22,24.98,1.04,36.24,18914,0.05,91.72258,5.25,cl-8-20
cl,8,20,5,54.75,0.94,101.37,110.17,113.95,0.92,1,1.05,8.35,8.68,1,1,8.72,8.72,110.07,9.26,34.87,1.06,32.99,33240,0.04,304.7547,8.21,cl-8-20
cl,8,20,6,53.58,0.96,143.64,139.31,145.4,0.91,0.99,1.15,8.26,8.79,1,1,9.04,9.04,141.62,9.18,36.17,1.08,6.65,42061,0.06,294.9972,8.36,cl-8-20
cl,8,20,7,39.05,0.95,112.3,126.29,126.91,0.86,0.99,1.15,7.05,7.71,1,1,8.02,8.02,124.85,8.74,32.07,1.07,42.11,29215,0.09,183.6003,6.91,cl-8-20
cl,8,20,8,34.13,0.83,152.17,146.31,137.02,0.88,0.98,1.09,6.59,7.81,1,1,8.08,8.08,143.9,8.79,32.34,1.43,9.17,30507,0.16,150.0004,6.77,cl-8-20
cl,8,20,9,28.87,0.92,160.73,148.88,138.18,0.92,0.99,1.07,6.06,7.29,1,1,7.66,7.66,147.01,7.61,30.64,1.47,7.81,27637,0.17,116.6906,6.87,cl-8-20
cl,8,20,10,27.36,0.96,117.29,118.03,118.78,0.95,1,1,5.9,6.14,1,1,6.52,6.52,118.15,6.48,26.09,1.04,22.05,21386,0.04,107.6568,5.8,cl-8-20
cl,8,20,11,21.04,0.98,129.31,137.77,143.61,0.95,1,1,5.18,5.42,1,1,5.97,5.97,137.74,5.58,23.88,1.05,26.69,20799,0.05,72.58714,5.1,cl-8-20
cl,8,20,12,22.49,0.89,146.78,145.87,145.73,0.83,0.94,1.44,5.35,6.38,2.03,0.49,9.89,4.88,145.91,7.21,29.54,1.14,32.71,23053,0.16,80.22859,5.68,cl-8-20
cl,8,20,13,27.79,0.96,154.33,153.15,147.74,0.9,0.99,1.1,5.95,6.6,1,1,7.11,7.11,151.68,7.06,28.43,1.26,19.45,27757,0.1,110.2058,6.27,cl-8-20
cl,8,20,14,23.54,0.95,154.61,160.68,157.24,0.83,0.98,1.26,5.47,6.31,1,1,7.03,7.03,158.68,7.18,28.11,1.1,33.13,25865,0.13,85.89147,5.49,cl-8-20
cl,8,20,15,28.01,0.95,138.35,135.26,129.4,0.94,1,1.02,5.97,6.27,1,1,6.72,6.72,133.28,6.52,26.87,1.06,28.04,24524,0.05,111.49,5.8,cl-8-20
cl,8,20,16,23.33,0.98,140.71,142.37,135.25,0.95,1,1,5.45,5.71,1,1,6.13,6.13,139.69,5.98,24.53,1.04,35.89,22629,0.04,84.74537,5.25,cl-8-20
cl,9,20,1,23.75,0.92,154.05,151.2,147.11,0.91,0.99,1.06,5.5,6.56,1,1,6.99,6.99,149.39,7.18,27.97,1.43,6.72,24500,0.16,87.04429,5.8,cl-9-20
cl,9,20,2,24.17,0.91,162.67,153.8,144.83,0.91,0.99,1.07,5.55,7.19,1,1,7.55,7.55,152.11,7.83,30.19,1.56,4.8,25251,0.23,89.37008,6.66,cl-9-20
cl,9,20,3,29.96,0.96,166.87,157.53,147.69,0.92,0.99,1.06,6.18,7.3,1,1,7.58,7.58,155.65,7.95,30.32,1.59,15.15,30041,0.15,123.3343,6.9,cl-9-20
cl,9,20,4,25.22,0.88,151.81,139.43,133.29,0.91,0.99,1,5.67,6.75,1,1,6.99,6.99,138.98,7.32,27.97,1.47,10.1,23765,0.16,95.30118,5.8,cl-9-20
cl,9,20,5,22.07,0.76,157.97,152.63,144.88,0.66,0.49,3.87,5.3,7.89,10.06,0.1,21.89,2.18,150.87,9.46,48.14,1.54,3.79,23536,0.33,78.01101,6.89,cl-9-20
cl,9,20,6,31.7,0.83,156.3,146.37,138.84,0.87,0.98,1.09,6.35,8.24,1,1,8.41,8.41,145,9.17,33.63,1.58,4.92,29145,0.23,134.2906,6.91,cl-9-20
cl,9,20,7,23.33,0.95,126.1,130.35,129,0.82,0.95,1.4,5.45,6.42,1.88,0.53,9.63,5.13,129.45,6.91,29.54,1.13,37.31,20971,0.15,84.74537,5.86,cl-9-20
cl,9,20,8,25.65,0.92,130.47,131.22,124.3,0.93,1,1,5.71,6,1,1,6.41,6.41,128.67,6.5,25.63,1.04,32.78,22260,0.05,97.71995,5.25,cl-9-20
cl,9,20,9,25.65,0.94,152.38,145.27,151.53,0.9,0.99,1.08,5.71,6.12,1,1,6.68,6.68,147.9,6.48,26.74,1.07,7.04,25586,0.07,97.71995,5.8,cl-9-20
cl,9,20,10,31.92,0.98,114.17,121.3,123.1,0.85,0.99,1.21,6.38,7.11,1,1,7.66,7.66,120.99,8.22,30.64,1.09,33.33,24440,0.1,135.6881,6.35,cl-9-20
cl,9,20,11,51,0.87,140,146.52,139.79,0.9,0.99,1.08,8.06,8.49,1,1,8.6,8.6,143.74,9.25,34.42,1.06,27.61,41111,0.05,273.9922,7.46,cl-9-20
cl,9,20,12,30.39,0.92,126.73,134.11,134.78,0.93,1,1.06,6.22,6.58,1,1,7.03,7.03,133.15,7.06,28.11,1.06,38.84,25964,0.05,126.0359,6.21,cl-9-20
cl,9,20,13,23.12,0.78,151.85,146.72,154.61,0.82,0.95,1.2,5.43,6.11,1,1,6.8,6.8,149.35,7.18,27.19,1.09,3.76,24045,0.11,83.60601,4.69,cl-9-20
cl,9,20,14,37.93,0.93,127.52,127.29,126.91,0.93,1,1.02,6.95,7.27,1,1,7.5,7.5,127.19,7.61,30,1.05,24.21,29127,0.04,175.7132,6.91,cl-9-20
cl,9,20,15,20.63,0.9,145.01,140.6,139.48,0.79,0.95,1.31,5.12,6.02,1.38,0.73,7.92,5.75,140.02,7.32,27.33,1.11,22.48,20863,0.15,70.46599,5.06,cl-9-20
cl,9,20,16,25.86,0.95,149.55,147.39,146.49,0.93,1,1,5.74,6.01,1,1,6.33,6.33,147.32,6.48,25.31,1.03,16.8,25634,0.05,98.9392,5.25,cl-9-20
cl,9,20,17,22.49,0.91,131.57,131.01,133.61,0.93,1,1,5.35,5.62,1,1,6.05,6.05,131.84,6.03,24.2,1.04,18.27,20830,0.05,80.22859,5.1,cl-9-20
cl,9,20,18,31.05,0.93,136.55,138.05,139.67,0.93,1,1.03,6.29,6.59,1,1,6.99,6.99,138.34,7.12,27.97,1.06,25.22,27392,0.05,130.1353,6.27,cl-9-20
cl,9,20,19,56.87,0.96,117.5,131.34,133.46,0.93,1,1.05,8.51,8.87,1,1,8.83,8.83,130.21,9.33,35.33,1.05,34.96,40495,0.04,322.6446,8.57,cl-9-20
cl,9,20,20,25.65,0.91,132.66,137.4,132.96,0.83,0.98,1.21,5.71,6.43,1,1,7.07,7.07,135.53,7.71,28.3,1.09,34.48,23447,0.11,97.71995,5.25,cl-9-20
cl,9,20,21,34.35,0.89,127.5,136.69,134.07,0.8,0.93,2.03,6.61,8.56,4.13,0.24,16.39,3.97,133.94,9.44,40.72,1.24,45.14,28530,0.23,151.4651,6.58,cl-9-20
cl,9,20,22,21.04,0.86,125.61,130.4,126.32,0.87,0.97,1.19,5.18,5.78,1,1,6.57,6.57,128.2,6.42,26.28,1.1,44.12,19358,0.1,72.58714,4.63,cl-9-20
cl,9,20,23,24.17,0.93,138.2,128.54,119.02,0.94,1,1,5.55,6.29,1,1,6.64,6.64,126.8,6.64,26.55,1.37,8.85,21048,0.12,89.37008,5.8,cl-9-20
cl,9,20,24,56.64,0.98,129.99,139.83,135.66,0.95,1,1.02,8.49,8.78,1,1,8.72,8.72,137.28,9.07,34.87,1.05,40.92,42556,0.03,320.6362,8.57,cl-9-20
cl,9,20,25,20.83,0.89,122.2,125.73,123.8,0.75,0.93,1.44,5.15,6.14,2.02,0.5,9.61,4.76,124.71,7.06,28.76,1.14,27.81,18707,0.16,71.52309,5.19,cl-9-20
cl,9,20,26,39.28,0.93,133.83,136.77,136.51,0.88,0.98,1.17,7.07,8.05,1,1,8.46,8.46,136.38,8.95,33.82,1.34,42.35,32050,0.12,185.1951,7.44,cl-9-20
cl,9,20,27,32.36,0.86,125,129.51,127.1,0.9,0.99,1.02,6.42,6.74,1,1,7.07,7.07,128.3,7.48,28.3,1.05,35.17,26174,0.05,138.5016,5.8,cl-9-20
cl,9,20,28,31.92,0.98,128.74,127.81,126.14,0.93,1,1.04,6.38,6.71,1,1,7.11,7.11,126.75,6.99,28.43,1.06,28.99,25604,0.05,135.6881,6.35,cl-9-20
cl,9,20,29,37.48,0.77,112.35,120.46,120.98,0.82,0.95,1.2,6.91,7.68,1,1,8.1,8.1,119.45,8.62,32.4,1.08,42.2,27115,0.1,172.5993,6.16,cl-9-20
cl,9,20,30,30.39,0.73,148.13,155.31,148.61,0.62,0.81,2.18,6.22,7.82,4.64,0.22,16.62,3.58,152.01,8.62,40.4,1.31,36.46,29642,0.2,126.0359,6.47,cl-9-20
cl,9,20,31,31.7,0.88,138.45,144.1,135.98,0.82,0.97,1.51,6.35,7.38,2.3,0.43,11.88,5.17,141.04,8.68,34.09,1.17,36.22,28349,0.14,134.2906,5.88,cl-9-20
cl,9,20,32,22.28,0.83,150.92,146.46,151.02,0.83,0.96,1.22,5.33,6.03,1,1,6.76,6.76,148.31,6.5,27.06,1.09,4.41,23285,0.12,79.11639,5.47,cl-9-20
cl,9,20,33,24.8,0.93,156.11,153.9,145.27,0.93,1,1,5.62,5.91,1,1,6.25,6.25,151.56,6.28,24.98,1.03,28.09,25613,0.05,92.90882,5.25,cl-9-20
cl,9,20,34,21.04,0.89,168.46,160.52,153.92,0.83,0.95,1.32,5.18,6.05,1.46,0.68,8.21,5.62,159.28,6.92,27.65,1.11,44.1,24052,0.14,72.58714,4.73,cl-9-20
cl,9,20,35,19.81,0.9,143.03,136.42,135.36,0.7,0.92,1.69,5.02,6.18,2.96,0.34,11.46,3.86,136.47,7.06,30.64,1.21,22.01,19788,0.19,66.30745,5.21,cl-9-20
cl,9,20,36,210.06,0.91,103.4,123.02,129.13,0.62,0.91,1.67,16.35,18.85,2.91,0.34,28.5,9.78,121.98,20.96,76.57,1.17,33.84,111368,0.13,2290.263,17.33,cl-9-20
cl,9,20,37,32.14,0.71,125.51,131.19,130.99,0.78,0.93,1.22,6.4,7.23,1,1,7.71,7.71,129.84,8.95,30.83,1.08,37.48,26358,0.12,137.0917,5.15,cl-9-20
cl,9,20,38,26.72,0.88,156.37,155.79,149.97,0.88,0.98,1.11,5.83,7.09,1,1,7.5,7.5,153.91,7.61,30,1.59,14.86,27396,0.18,103.8816,6.17,cl-9-20
cl,9,20,39,24.38,0.88,123.89,128.49,125.2,0.91,0.99,1.04,5.57,5.9,1,1,6.44,6.44,126.95,6.5,25.76,1.06,32.65,21200,0.06,90.543,5.24,cl-9-20
cl,9,20,40,45.44,0.9,145.43,150.13,143.68,0.82,0.96,1.31,7.61,8.49,1.41,0.71,10.61,7.54,147.66,9.11,36.3,1.12,42.07,38687,0.1,230.4116,7.44,cl-9-20
cl,9,20,41,27.58,0.86,128.1,132.8,124.03,0.83,0.95,1.29,5.93,6.75,1.28,0.78,8.44,6.58,129.65,7.95,30.05,1.11,36.23,23597,0.12,108.9281,5.67,cl-9-20
cl,9,20,42,68.33,0.56,132.94,136.66,137.35,0.63,0.84,1.21,9.33,10.46,1,1,10.2,10.2,135.94,13.1,40.8,1.06,30.03,48803,0.11,424.9404,6.63,cl-9-20
cl,9,20,43,32.8,0.9,141.57,143.54,145,0.91,0.99,1.02,6.46,6.8,1,1,7.11,7.11,142.34,7.32,28.43,1.05,40.8,29323,0.05,141.3396,6.26,cl-9-20
cl,9,20,44,33.03,0.94,131.98,138.71,138.9,0.87,0.98,1.14,6.48,7.11,1,1,7.51,7.51,137.97,7.9,30.05,1.07,41.1,28559,0.09,142.7679,6.35,cl-9-20
cl,9,20,45,22.28,0.79,130.24,132.24,119.94,0.82,0.95,1.2,5.33,5.99,1,1,6.72,6.72,128.29,6.7,26.87,1.09,27.31,20142,0.11,79.11639,4.78,cl-9-20
cl,9,20,46,42.23,0.83,155.87,145.5,138.02,0.79,0.95,1.37,7.33,8.36,1.75,0.57,11.5,6.59,144.44,9.78,36.17,1.13,42.4,35821,0.12,206.4514,6.83,cl-9-20
cl,9,20,47,32.8,0.94,125.37,130.68,131.84,0.92,1,1.01,6.46,6.82,1,1,7.07,7.07,130.19,7.26,28.3,1.04,33.84,26819,0.05,141.3396,6.35,cl-9-20
cl,9,20,48,30.83,0.89,133.69,137.61,133.5,0.92,0.99,1.01,6.27,6.57,1,1,6.91,6.91,135.91,7.12,27.65,1.05,25.11,26775,0.05,128.7626,5.88,cl-9-20
cl,9,20,49,37.25,0.9,143.96,149.49,148.83,0.91,0.99,1.06,6.89,7.23,1,1,7.58,7.58,148.2,7.73,30.32,1.06,27.08,33493,0.05,171.0512,6.55,cl-9-20
cl,9,20,50,37.25,0.91,140.38,143.35,142.71,0.85,0.97,1.19,6.89,7.61,1,1,8.02,8.02,142.81,8.49,32.07,1.08,40.53,32275,0.1,171.0512,6.84,cl-9-20
cl,9,20,51,58.53,0.74,131.45,145.8,138.54,0.8,0.95,1.1,8.63,9.24,1,1,9.16,9.16,141.73,10.79,36.63,1.05,22.08,45071,0.07,336.846,7.28,cl-9-20
cl,9,20,52,32.58,1,154.25,149.56,138.49,0.93,1,1.08,6.44,7.65,1,1,7.97,7.97,146.59,8.02,31.88,1.45,6.75,30051,0.16,139.9175,7.44,cl-9-20
cl,9,20,53,19.81,0.97,148.12,144.77,142.6,0.87,0.98,1.19,5.02,5.92,1,1,6.64,6.64,144.18,6.52,26.55,1.29,32.19,20906,0.15,66.30745,5.1,cl-9-20
cl,9,20,54,41.55,0.96,107.76,117.51,118.64,0.81,0.98,1.27,7.27,8.16,1.04,0.96,8.84,8.47,116.27,9.46,34.61,1.1,35.59,28487,0.11,201.4604,6.91,cl-9-20
cl,9,20,55,30.39,0.77,151.02,143.87,145.62,0.83,0.96,1.06,6.22,6.95,1,1,7.27,7.27,145.21,8.15,29.08,1.27,17.97,28316,0.1,126.0359,5.25,cl-9-20
cl,9,20,56,44.75,0.98,107.2,116.9,118.53,0.77,0.96,1.44,7.55,8.68,2.02,0.5,12.92,6.41,116,9.17,38.65,1.35,38.59,30045,0.13,225.1852,8.23,cl-9-20
